Day,No,Type,Time,Content
1,1,**本気(共感)**,07:00,喧嘩はしていない。会話も、まあ、ある。「ゴミ出しといたよ」「ありがとう」。でも、ふとした瞬間。スマホを見ている彼の背中が、ひどく遠くに感じることはありませんか？同じ部屋にいるのに、まるで違う惑星に住んでいるみたい。この「静かな距離」に気づいてしまった朝は、少しだけ胸が痛む。
1,2,軽め(挨拶),08:00,おはようございます。今朝の「行ってきます」、相手の目を見て言いましたか？私は背中に向かって言ってしまいました。明日は1秒でいいから、目を合わせよう。自戒を込めて。
1,3,軽め(問),10:00,【質問】夫が「今、一番食べたいもの」即答できますか？私は自信満々に「唐揚げ」って答えたら、「最近は胃もたれするから刺身がいい」って言われました。情報の更新、止まってませんか？
1,4,**本気(解決)**,12:00,「疲れたね」を「ありがとう」に変えるだけで、空気は1秒で変わる。業務連絡だけのLINE画面を見て、ため息をつくのはもう終わりにしませんか？今日のお昼休み、スタンプ1個でいい。「お疲れ様」のねぎらいを送ってみる。それだけで、夜の食卓の温度が少し上がるはずです。
1,5,軽め(共感),15:00,「戦友」としては100点満点。でも「恋人」としては赤点。そんな通知表を突きつけられた気分になる瞬間、ありませんか？子育てというプロジェクトを回すパートナーとしては最高。でも、ふと「私、女として見られてる？」って不安になる。その不安、実は彼も抱えているかもしれません。
1,6,軽め(一言),17:00,「牛乳買ってきて」は秒で送れるのに、「早く帰ってきて」の7文字が送れない。送信ボタンの上で親指が止まる夕暮れ。
1,7,**本気(誘導)**,20:00,離婚したいわけじゃない。ただ、昔みたいに「何でもないこと」で笑い合いたいだけ。そんな「プチレス予備軍」のあなたへ。私が関係を修復するために実践した、夜の会話レシピをNoteにまとめました。現状把握から始めてみませんか？
1,8,軽め(夜),21:00,子どもが寝た後のリビング。静寂の中で、スマホのタップ音だけが響く。この「音」が、私たちの会話の代わりになってしまった。画面の中の誰かとは繋がっているのに、隣にいるあなたとは繋がれない。
1,9,軽め(夜),22:00,隣で寝息を立てる夫。その背中に手を伸ばそうとして、引っ込める。触れたいのか、触れられたいのか。自分でもわからなくなる夜。ただ、温もりだけが欲しいのに。
1,10,軽め(〆),23:00,明日は今日より1mmだけ、心の距離が縮まりますように。おやすみなさい。同じ空の下、同じ悩みを抱えるあなたへ。
2,1,**本気(共感)**,07:00,リビングに響くのは、テレビの音と、食器が触れ合う音だけ。子どもが巣立った後の食卓を想像して、背筋が凍ったことはありませんか？「お父さん、醤油」「ん」。それだけの会話で終わる老後。その未来を変えられるのは、まだ「お母さん」と呼ばれている今だけかもしれない。
2,2,軽め(問),08:00,昨日、子ども抜きで何分話しましたか？私は0分でした。業務連絡はノーカウント。目を見て、天気の話でもいい。今日は「3分」を目指してみませんか？
2,3,軽め(一言),10:00,「ママ」じゃなくて「〇〇ちゃん」。久しぶりに名前で呼ばれた時、心臓がトクンと跳ねた。役割としての私じゃなくて、個としての私を見てもらえた気がして。今日は勇気を出して、彼を名前で呼んでみようかな。
2,4,**本気(解決)**,12:00,「来週の土曜、あそこのカフェ行かない？」その一言が、夫婦の空気を変える特効薬。過去の不満を掘り返すより、未来の楽しみを予約する。カレンダーに二人の予定が書き込まれるだけで、なんだか少し、優しくなれる気がしませんか？
2,5,軽め(共感),15:00,縁側でお茶を飲む老夫婦。理想だけど、現実は「無言でテレビを見る老人二人」になりそうで怖い。沈黙が心地よい関係と、沈黙が苦痛な関係。私たちはどっちに向かっているんだろう。
2,6,軽め(一言),17:00,スーパーで彼の好きな銘柄のビールをカゴに入れる。喧嘩してても、こういうことしちゃうんだよね。悔しいけど、まだ好きなのかもしれない。
2,7,**本気(誘導)**,20:00,「子供のために」離婚しない。その言葉、実は子供にとって一番の重荷かもしれません。仮面夫婦の冷たい空気、子供は敏感に察知しています。子供が巣立った後、抜け殻にならないために。今夜から始められる「夫婦の再構築」のステップをNoteに綴りました。
2,8,軽め(夜),21:00,寝室が別々になって3年。快適な睡眠と引き換えに、失ったものがある気がする。夜中にふと目が覚めた時、隣の部屋の気配を探ってしまう。この壁一枚が、心の距離そのものみたいで。
2,9,軽め(夜),22:00,「おやすみ」のハグ。欧米か！って笑われるのが怖くて、背中を向けて寝る。でも本当は、一日の終わりに体温を感じたい。誰か、背中を押してくれませんか？
2,10,軽め(〆),23:00,今日もお疲れ様でした。不安な未来に押しつぶされそうな夜は、温かい飲み物を飲んで深呼吸。明日はきっと、今日より少しだけ素直になれるはず。おやすみなさい。
3,1,**本気(共感)**,07:00,「燃えるゴミの日いつだっけ？」「明日」。私たちの会話、これだけ？昔は映画の感想で朝まで語り明かしたのに。いつから私たちは、家庭という会社を回すだけの「共同経営者」になってしまったんだろう。鏡に映る私は、妻の顔をしていますか？それとも、ただの事務員ですか？
3,2,軽め(挨拶),08:00,おはようございます。夫からのLINEに「了解」スタンプだけで返していませんか？そのスタンプ一つが、心のシャッターを下ろしているかもしれません。今日は一言、「気をつけてね」と文字で打ってみる。それだけで、受け取る温度は変わるはず。
3,3,軽め(問),10:00,夫が最近、お風呂で口ずさんでいる歌、知っていますか？私は知りませんでした。彼には彼の世界があって、私の知らない時間が流れている。そう気づいた時、少しだけ寂しくて、少しだけ彼に興味が湧きました。
3,4,**本気(解決)**,12:00,「今日あったこと」を話す。ただそれだけが、どうしてこんなに難しいんだろう。スマホを置いて、テレビを消して、5分だけ向き合う。コーヒーの香りと、彼の声。情報の共有じゃなくて、感情の共有。それが、心の距離を縮める唯一の方法です。
3,5,軽め(共感),15:00,夫とのLINEを見返す。業務連絡、業務連絡、業務連絡。まるでAIと会話しているみたい。スクロールして、スクロールして、やっと見つけたハートマークは、3年前のものでした。
3,6,軽め(一言),17:00,ガチャリ。鍵が開く音。その瞬間、心臓が少しだけ早くなるのは、期待しているから？それとも、緊張しているから？「おかえり」の声のトーンで、今夜の空気が決まる。深呼吸して、ワントーン上げてみよう。
3,7,**本気(誘導)**,20:00,車の中、二人きり。ラジオの音だけが響く。沈黙が怖くて、スマホをいじるふりをする。「今さら何を話せばいいかわからない」。そんなあなたへ。会話のリハビリは、天気の話からでいいんです。沈黙を埋めるための「3つの話題」をNoteにまとめました。
3,8,軽め(夜),21:00,バラエティ番組を見て、大笑いしている夫。その笑顔、私に向けてくれたのはいつだっけ。テレビには勝てないのかな。私だって、あなたを笑わせたいのに。
3,9,軽め(夜),22:00,ダブルベッドの真ん中に、見えない壁がある。お互い背中を向けて、スマホのブルーライトに照らされている。この光の壁を越えて、「ねえ」と声をかける勇気が欲しい。
3,10,軽め(〆),23:00,言葉にできなかった想いは、明日に持ち越してもいい。でも、感謝の気持ちだけは、今日のうちに伝えておきたいですね。おやすみなさい。あなたの明日が、今日より少しだけ優しくなりますように。
4,1,**本気(共感)**,07:00,同じリビング、同じソファ。距離はたったの50センチ。でも、彼はイヤホンをしてYouTube、私はスマホでインスタ。この「見えない壁」は、いつからここに建設されたんだろう。話しかけても「え？」って片耳だけ外されるあの瞬間、心が少し削られる音がする。
4,2,軽め(問),08:00,【質問】昨日、パートナーの「声」を何分聞きましたか？テレビの音やYouTubeの音声じゃなくて、あなたに向けられた肉声を。計算するのが怖い人、正直に手を挙げて。
4,3,軽め(一言),10:00,イヤホンをしている彼の肩をトントンと叩く。たったそれだけの動作に、深呼吸が必要なのはなぜ？「邪魔しちゃ悪いかな」「無視されたら嫌だな」。そんな遠慮、昔はなかったはずなのに。
4,4,**本気(解決)**,12:00,無理に会話しようとしなくていい。ただ「同じもの」を見るだけでいいんです。窓の外の雨、テレビのニュース、散歩中の犬。「視線の共有」は「心の共有」の第一歩。今日はスマホを置いて、彼と同じ方向を見てみませんか？
4,5,軽め(共感),15:00,昔は金曜ロードショーを観ながら、あーだこーだ言い合って、CMの間にトイレ行って。今はそれぞれの画面で、それぞれの世界。便利になった分だけ、共有する時間が蒸発していく。
4,6,軽め(一言),17:00,「ご飯できたよ」をLINEで送るのをやめて、彼の部屋まで呼びに行く。ドアノブに手をかける瞬間、少し緊張する。でも、画面越しの文字より、生の声の方が、きっと温かい。
4,7,**本気(誘導)**,20:00,このまま「同居人」として定着してしまうのが怖い。でも、どうやって「夫婦」に戻ればいいのかわからない。そんなあなたへ。スマホに逃げる夜の習慣を変える、魔法のような「3つの声かけ」をNoteに書きました。今日から試せる、小さな魔法です。
4,8,軽め(夜),21:00,ふと目が合った瞬間、パッと逸らしてしまう。まるで知らない人みたいに。照れくさいのか、気まずいのか。目を合わせるだけで通じ合えていた頃が、遠い昔のよう。
4,9,軽め(夜),22:00,隣で寝息を立てる彼。生きていてくれるだけで感謝。そう思おうとするけど、やっぱり寂しい。「お母さん」じゃなくて「女」として、もう一度求められたい。それは、わがままなんかじゃない。
4,10,軽め(〆),23:00,今日も一日、お疲れ様でした。明日はスマホの画面より、パートナーの横顔を1秒でも長く見られますように。おやすみなさい。同じ月を見ている誰かへ。
5,1,**本気(共感)**,07:00,「最近、仕事どう？」その一言が聞けなくて、もう半年。彼が今、何に悩み、何を目指しているのか。私は何も知らない。隣にいるのに、まるで知らない人の背中を見ているような、冷たい感覚。無関心は、嫌いよりも残酷な「愛の終わり」のサインかもしれない。
5,2,軽め(挨拶),08:00,おはようございます。今朝、パートナーの顔色を見ましたか？「疲れてそうだな」「眠そうだな」。その小さな観察が、愛の始まり。今日は一言、「顔色悪いけど大丈夫？」と声をかけてみる。そこから会話が生まれるかもしれません。
5,3,軽め(問),10:00,夫が新しいシャツを着ていることに、3日後に気づいた。「それ、いつ買ったの？」と聞いた時の、彼の少し寂しそうな顔。ごめんね。あなたの変化に気づけないくらい、私は自分のことで精一杯だった。
5,4,**本気(解決)**,12:00,「もし1億円当たったら、何したい？」突拍子もない質問を投げかけてみる。「えー、世界一周かな」と笑う彼。その笑顔を見た時、パパでも会社員でもない、一人の少年の顔が見えた気がした。役割を脱いだ彼に、もう一度恋をする。
5,5,軽め(共感),15:00,昔は「何食べた？」「誰といた？」って、全部知りたかった。今は「元気ならいいや」って、諦め半分、信頼半分。でも、その「いいや」が積み重なって、いつの間にか他人行儀になっていくのが怖い。
5,6,軽め(一言),17:00,相手に関心を持たないと、自分も関心を持たれなくなる。鏡の法則は残酷だ。私がスマホばかり見ているから、彼もスマホを見る。私が話しかけないから、彼も黙る。この連鎖、どこで断ち切ろう。
5,7,**本気(誘導)**,20:00,「好き」の反対は「嫌い」ではなく「無関心」。マザー・テレサの言葉が、今の私たちに突き刺さる。嫌いならまだ喧嘩もできる。でも、無関心は静かに心を殺していく。関係が冷え切る前に、もう一度相手を知るための「3つの質問」をNoteに書きました。
5,8,軽め(夜),21:00,昔のアルバムを引っ張り出してみる。結婚式の写真、新婚旅行の写真。二人とも若くて、希望に満ちた顔をしている。「ねえ、これ見て」と彼に見せる。その瞬間だけ、あの頃の空気が戻ってくる。
5,9,軽め(夜),22:00,背中合わせで寝るのが当たり前になったベッド。でも今夜は、背中が触れるくらいの距離まで寄ってみる。彼の体温が伝わってくる。ドキドキする。まだ、私の心は死んでいない。
5,10,軽め(〆),23:00,関心を持つことは、エネルギーがいる。傷つくのが怖くて、見ないふりをしてしまうこともある。でも、その壁を越えた先にしか、本当の温もりはない。おやすみなさい。勇気を出したあなたへ。
6,1,**本気(共感)**,07:00,「どうせ言っても無駄」。そう思って飲み込んだ言葉が、喉の奥でつかえている。言えば喧嘩になる。言わなければ平和。でも、その「偽りの平和」の下で、私たちの心は確実に離れていく。諦めることは、楽だけど、ひどく寂しい。
6,2,軽め(問),08:00,【質問】最後に本気で喧嘩したのはいつですか？「喧嘩するほど仲がいい」は嘘だと思ってた。でも、喧嘩すらしなくなった今、あの頃の熱量が少し羨ましい。無関心という名の氷河期より、ぶつかり合える情熱の方が、まだマシだったのかも。
6,3,軽め(一言),10:00,「言わなくても察してよ」は、甘えでした。他人だもの、言わなきゃ伝わらない。超能力者じゃないんだから。そう自分に言い聞かせて、今日も言葉を探す。
6,4,**本気(解決)**,12:00,「なんで手伝ってくれないの！」と叫ぶ代わりに、「手伝ってくれたら嬉しいな」と呟いてみる。主語を「あなた」から「私」に変えるだけで、言葉の棘が抜ける。I（アイ）メッセージは、相手の心を開く魔法の鍵。今日は鍵を使ってみませんか？
6,5,軽め(共感),15:00,期待するから傷つく。だから期待値をゼロにする。それは自分を守るための鎧。でも、その鎧を着ている限り、彼の温もりも感じられない。重たい鎧、脱ぎ捨ててみませんか？
6,6,軽め(一言),17:00,諦めるのは、明日でもできる。今日はあと1回だけ、信じてみよう。「ねえ」と声をかける。その勇気が、未来を変えるかもしれない。奇跡は、諦めなかった人の元にだけ訪れる。
6,7,**本気(誘導)**,20:00,「もう無理かも」と検索履歴に残る夜。でも、あなたはまだ、この投稿を読んでいる。それは、心のどこかで「まだ諦めたくない」と叫んでいる証拠。その小さな灯火を消さないで。諦めかけた関係を修復するための「最後の一手」をNoteに記しました。
6,8,軽め(夜),21:00,寝室のドアを開けるのが憂鬱。また背中を向けて眠るのかと思うと、足がすくむ。「おやすみ」の一言が、壁に吸い込まれて消えていく。壁打ちのような会話は、もう終わりにしたい。
6,9,軽め(夜),22:00,もし明日、彼が事故に遭ったら。私は後悔しないと言い切れるだろうか。「もっと優しくすればよかった」「もっと話せばよかった」。そう思わないために、今夜できることは何だろう。
6,10,軽め(〆),23:00,諦めない強さを持つあなたへ。その強さは、きっと誰かを救います。そして、あなた自身も。今日もお疲れ様でした。ゆっくり休んで、心を充電してください。おやすみなさい。
7,1,**本気(共感)**,07:00,「いってらっしゃい」の軽いハグ。それは「挨拶」であって「触れ合い」じゃない。夜になれば、布団は別世界。触れたいけど、拒否されるのが怖くて、背中を向ける。この「昼は夫婦、夜は他人」という奇妙なバランスの上で、私たちはいつまで踊り続けるんだろう。
7,2,軽め(挨拶),08:00,おはようございます。日曜の朝。コーヒーの香りと、少し遅く起きた彼の寝癖。ドラマみたいな甘い朝じゃなくてもいい。ただ、同じテーブルで同じパンを食べる。その「普通」が、何より愛おしい。
7,3,軽め(問),10:00,パートナーの体温、覚えていますか？高いのか、低いのか。最後に肌が触れ合ったのはいつだろう。記憶の中の体温が、少しずつ冷たくなっていくのが怖い。
7,4,**本気(解決)**,12:00,「触れたい」なんて言えない。だから「肩凝ってない？」と嘘をつく。マッサージは、断られない魔法の口実。指先から伝わる彼の疲れ。言葉はいらない。ただ、手のひらで「お疲れ様」を伝えるだけでいい。
7,5,軽め(共感),15:00,手をつなぐのって、キスより恥ずかしい時がある。でも、つないだ時の安心感は異常。スーパーの駐車場、人混みの中。迷子にならないように、じゃなくて、離れないように。久しぶりに、彼の手を探してみようかな。
7,6,軽め(一言),17:00,「触れたい」と言葉にしたら、何かが壊れそうで怖い。だから「察してほしい」と願ってしまう。でも、察してくれない彼にイライラする。この悪循環、断ち切る勇気が欲しい。
7,7,**本気(誘導)**,20:00,セックスレスは、ある日突然始まるんじゃない。日常の「手をつなぐ」「肩に触れる」という小さなスキンシップが消滅した時から、静かに始まっている。布団が完全な別世界になる前に。自然に触れ合える関係を取り戻す「3つの工夫」をNoteに書きました。
7,8,軽め(夜),21:00,明日からまた月曜日。この週末、少しは距離が縮まったかな。劇的な変化なんてない。でも、目が合った回数が1回増えたなら、それは大きな前進。
7,9,軽め(夜),22:00,勇気を出して、寝る前に手を握ってみた。一瞬、ビクッとされたけど、握り返してくれた。その手の温かさに、涙が出そうになる。言葉なんていらなかったんだ。
7,10,軽め(〆),23:00,1週間、お疲れ様でした。あなたの小さな一歩が、二人の未来を確実に変えています。焦らなくていい。ゆっくり、ゆっくり。おやすみなさい。愛する人の隣で眠るあなたへ。
8,1,本気(共感),07:00,「今夜、どう？」そのサインに気づかないふりをして、先に寝たふりをする。拒否する罪悪感と、応じる苦痛。どちらを選んでも心が削られる。スキンシップが「愛の確認」ではなく「義務」になったのは、いつからだろう。
8,2,軽め(挨拶),08:00,おはようございます。夫の足音が近づくと、無意識に体が強張る。そんな自分に気づいて、朝から自己嫌悪。でも、体は正直なんです。無理しないで、自分の感覚を信じてあげてください。
8,3,軽め(問),10:00,「疲れてるから」は、一番便利な断り文句。でも、本当の理由は「疲れてる」じゃない。「心が動かない」から。その本音、いつか言える日が来るのかな。
8,4,本気(解決),12:00,「身構える」時点で、もう赤信号。スキンシップは、頑張ってするものじゃない。義務感で応じても、心は虚しいだけ。一度「しない」という選択肢を二人で持ってみる。それが、回復への第一歩かもしれません。
8,5,軽め(共感),15:00,夫の手が伸びてきた瞬間、「あ、触らないで」と思ってしまった。昔はあんなに触れてほしかったのに。この変化は、私のわがまま？それとも、何かが壊れたサイン？
8,6,軽め(一言),17:00,夕飯の支度中、後ろからハグされるのが好きだった。今は「危ないからやめて」と冷たく言ってしまう。火を使っているからじゃない。心が火傷しそうだから。
8,7,本気(誘導),20:00,誘われるのが怖い。断るのが辛い。この「夜のプレッシャー」から解放されたいあなたへ。義務感で応じるのをやめて、もう一度「触れたい」を取り戻すまでの道のりをNoteに書きました。無理しなくていいんです。
8,8,軽め(夜),21:00,夜のリビング。そろそろ寝室に行く時間。夫の視線を感じて、わざと洗い物をゆっくりする。この時間稼ぎ、いつまで続けるんだろう。
8,9,軽め(夜),22:00,「おやすみ」と言って、背中を向ける。安堵と、少しの罪悪感。愛していないわけじゃない。ただ、今は体がついていかないだけ。自分を責めないで。
8,10,軽め(〆),23:00,明日は今日より、少しだけ心が軽くなりますように。自分の心を守ることは、二人の関係を守ることでもあります。おやすみなさい。
9,1,本気(共感),07:00,「週末どこ行く？」「洗剤買いたいからホームセンター」。それが私たちのデート。カートを押して、日用品を買って、フードコートでうどん。平和だけど、ときめきはゼロ。「恋人」はいつの間にか「生活の共同運営者」になってしまった。
9,2,軽め(挨拶),08:00,おはようございます。最後にスカートを履いたのはいつですか？ホームセンターに行くならデニムでいいや。その「いいや」が、女を少しずつ枯らせていく気がします。今日は無駄にスカート、履いてみませんか？
9,3,軽め(問),10:00,夫がカートに放り込む特売の洗剤。それを見ながら「生活感すごいな」と苦笑い。昔は映画のチケットを握りしめていた手が、今はレシートを握りしめている。
9,4,本気(解決),12:00,ホームセンターデートは「生活タスク」であって「二人の時間」じゃない。たまには「役に立たない時間」を過ごしませんか？海を見るとか、高いコーヒーを飲むとか。効率の悪い時間が、愛を育てるんです。
9,5,軽め(共感),15:00,「デート」という言葉を使うのが恥ずかしい。「買い物」と言い換えてしまう。でも本当は、手を繋いで、目的もなく歩きたい。あの頃みたいに。
9,6,軽め(一言),17:00,夕暮れの帰り道。車の後部座席にはトイレットペーパーと洗剤。助手席の私は、スマホで「デートスポット」を検索して、そっと閉じる。
9,7,本気(誘導),20:00,特別感が欲しいなら、自分から仕掛けるしかない。「来週、おしゃれしてランチ行かない？」その一言で、夫も「男」の顔を思い出すかも。月1回の「脱・生活感デート」の作り方、Noteで提案しています。
9,8,軽め(夜),21:00,夫がジャージに着替えてビールを飲んでいる。その無防備な姿に安心する反面、少しだけガッカリする自分もいる。緊張感が欲しいなんて、贅沢かな。
9,9,軽め(夜),22:00,鏡の前で、久しぶりに口紅を塗ってみる。似合わない気がして、すぐに拭き取った。でも、唇に残った赤色が、少しだけ私を励ましてくれた。
9,10,軽め(〆),23:00,日常は大切。でも、非日常はもっと大切。明日は少しだけ、日常からハミ出してみませんか？おやすみなさい。ときめきを忘れないあなたへ。
10,1,本気(共感),07:00,子どもが寝た後のリビング。夫はソファでスマホゲーム、私はダイニングでインスタ。会話はゼロ。静寂の中に、タップ音だけが響く。これが私たちの「夫婦の時間」。楽だけど、どこか虚しい。
10,2,軽め(挨拶),08:00,おはようございます。朝起きて一番に見るのは、夫の顔ですか？スマホの画面ですか？私はスマホでした。明日は逆にしてみたい。できるかな。
10,3,軽め(問),10:00,夫がスマホを見て笑っている。何が面白いのか聞きたいけど、「ふーん」で終わるのが怖くて聞けない。画面の中の世界の方が、私より楽しいのかな。
10,4,本気(解決),12:00,「習慣になってしまった」という言葉には、諦めが含まれている。スマホを見る背中は「話しかけるな」という拒絶のサインに見える。でも本当は、彼もきっかけを待っているのかもしれない。
10,5,軽め(共感),15:00,スマホを置いて、彼の隣に座ってみる。彼は驚いて「何？」と言うかもしれない。でも、そこからしか始まらない。画面越しの繋がりより、体温のある繋がりを。
10,6,軽め(一言),17:00,充電切れのスマホ。画面が真っ暗になった瞬間、自分の顔が映った。寂しそうな顔をしていた。充電すべきはスマホじゃなくて、私の心だった。
10,7,本気(誘導),20:00,スマホに逃げるのは、向き合うのが怖いから。でも、逃げれば逃げるほど、壁は厚くなる。今夜、スマホを置いて「お茶飲まない？」と誘ってみる。その勇気が、壁に小さな穴を開ける。
10,8,軽め(夜),21:00,夫のスマホの光が、暗い部屋で青白く光る。その光が、二人の間の境界線みたい。境界線を越えて、彼の手を握ったら、どんな顔をするだろう。
10,9,軽め(夜),22:00,「ねえ」と話しかけたら、スマホから目を離さずに「ん？」と返された。次は、目が合うまで話し続けます。私の存在は、通知音より軽くないはずだから。
10,10,軽め(〆),23:00,今日も一日、お疲れ様でした。明日はスマホを置く時間を、5分だけ作ってみてください。その5分が、未来を変えるかもしれません。おやすみなさい。
11,1,本気(共感),07:00,「どこ行くの？」「誰と会うの？」昔はうるさいと思っていた干渉。今は何も聞かれない。「行ってらっしゃい」だけ。自由になったはずなのに、なぜか透明人間になった気分。無関心は、自由という名の孤独だ。
11,2,軽め(挨拶),08:00,おはようございます。髪を切ったのに、夫は気づかない。新しい服を着ても、反応なし。私に関心がないのか、変化に関心がないのか。今日は自分から「どう？」って聞いてみようかな。
11,3,軽め(問),10:00,「好きにしていいよ」は、優しさ？それとも投げやり？「君はどうしたい？」と聞いてくれるのが優しさだと思う。選択を丸投げされるのは、大切にされていない気がして。
11,4,本気(解決),12:00,干渉されない楽さと、無関心の寂しさ。この狭間で揺れている。「愛の反対は無関心」。その言葉が胸に刺さる。喧嘩していた頃の方が、まだ熱があった。
11,5,軽め(共感),15:00,夫の予定を知らない。夕飯がいるのかどうかも、LINEで確認しないとわからない。同居人というより、シェアハウスの住人。この距離感、いつまで続くの？
11,6,軽め(一言),17:00,「今日、何してた？」その一言が欲しいだけ。監視されたいわけじゃない。私の時間を、少しだけ共有したいだけ。今日は私から聞いてみよう。「今日、何してた？」
11,7,本気(誘導),20:00,本当に欲しいのは「干渉」ではなく「関心」。私を見て。私に気づいて。そのサインを出し続けるのは疲れるけど、諦めたらそこで終わり。関心を取り戻すための「小さな習慣」をNoteに書きました。
11,8,軽め(夜),21:00,リビングで別々のことをしている。空気のような存在。居心地はいいけど、ときめきはない。空気はなくてはならないものだけど、感謝を忘れてしまうもの。
11,9,軽め(夜),22:00,寝顔を見ながら思う。この人は、私が明日いなくなっても、同じように朝起きるのかな。そんな意地悪な想像をして、少し泣きたくなった。
11,10,軽め(〆),23:00,関心を持ってほしいなら、まずは自分から関心を持つこと。鏡の法則は絶対です。明日は彼の変化を一つ見つけてみてください。おやすみなさい。
12,1,本気(共感),07:00,土曜の朝、キッチンですれ違いざま。夫が腰に手を回そうとした瞬間、反射的に体をよけてしまった。「あ、ごめん、包丁持ってるから」。嘘をついた。本当は、触れられるのが怖かっただけ。夫の傷ついた顔が、目に焼き付いている。
12,2,軽め(挨拶),08:00,おはようございます。狭いキッチンで、背中合わせに立つ。体温を感じる距離なのに、心は遠い。昔はわざとぶつかったりしたのに。今は、ぶつからないように息を止めている。
12,3,軽め(問),10:00,「邪魔」と言ってしまった。悪気はなかった。でも、夫は黙ってリビングに戻っていった。その背中が小さく見えて、胸が痛む。謝りたいけど、何て言えばいい？
12,4,本気(解決),12:00,スキンシップをプレッシャーに感じているわけじゃない。ただ、家事モードの時に触られると、スイッチが切り替わらない。「今はママだから」。そうやって女のスイッチを切っているうちに、入れ方を忘れてしまった。
12,5,軽め(共感),15:00,夫はまだ、私に触れたいと思ってくれている。それは奇跡みたいなこと。その気持ちを、私の拒絶で殺してしまいたくない。次は、よけずに受け止めてみよう。5秒だけでいいから。
12,6,軽め(一言),17:00,夕飯の匂いと、換気扇の音。夫がビールを開ける音。「お疲れ」の一言があれば、空気は変わる。自分から言ってみよう。「お疲れ様、一本飲む？」
12,7,本気(誘導),20:00,プチレス予備軍の私たち。まだ間に合う。拒絶してしまった後のフォローが大事。「さっきはごめんね、バタバタしてて」。その一言で、夫の傷は癒えるはず。関係を取り戻すための「3つの工夫」をNoteで紹介します。
12,8,軽め(夜),21:00,夫がソファで寝ている。そっと毛布をかける。寝ている時なら、優しくなれる。起きている時も、これくらい素直になれたらいいのに。
12,9,軽め(夜),22:00,「おやすみ」と声をかけたら、「おやすみ」と返ってきた。目を見て言えた。今日はそれだけで100点。少しずつ、氷を溶かしていこう。
12,10,軽め(〆),23:00,明日は日曜日。キッチンですれ違ったら、今度はよけずに、少しだけ肩を寄せてみようかな。おやすみなさい。勇気を出したいあなたへ。
13,1,本気(共感),07:00,水曜日の夜。週の真ん中で疲れている私と、求めてくる夫。「今日は無理」と断ると、明らかに不機嫌になる。その態度にイラッとする。セックスは義務じゃない。私の体は、私のものなのに。
13,2,軽め(挨拶),08:00,おはようございます。昨夜の気まずさを引きずったままの朝。夫は目を合わせない。断った私が悪いの？求めた彼が悪いの？どっちも悪くない。ただ、タイミングと心の余裕が合わなかっただけ。
13,3,軽め(問),10:00,月1回あるかないか。その1回も、なんとなく義務的。終わった後の虚しさ。「これでまた1ヶ月は大丈夫」と安心している自分が嫌になる。
13,4,本気(解決),12:00,努力が空回りする夫。受け止められない妻。このすれ違いが、軽度セックスレスの入り口。「したくない」わけじゃない。「心がつながっていない」のが辛い。行為の前に、まずはハグから始めませんか？
13,5,軽め(共感),15:00,「疲れてる」はSOS。でも夫には「拒絶」と伝わる。言葉が足りない。「あなたのことは好き。でも今は体がついていかない」。そう丁寧に伝えたら、何かが変わるかもしれない。
13,6,軽め(一言),17:00,夕方の電車。窓に映る疲れた顔。この顔で、夜、妻の顔に戻れるかな。スイッチの切り替えが難しい。アロマでも焚いて、まずはリラックスしよう。
13,7,本気(誘導),20:00,感情的な投資を停止し始めた夫。「どうせ無理だろう」という諦めが見える。それが寂しい。まだ諦めたくない。すれ違う夜を越えて、心をつなぐためのステップをNoteに書きました。
13,8,軽め(夜),21:00,夫が背中を向けて寝ている。その背中に「ごめんね」と心の中で呟く。言葉にしないと伝わらない。わかっているけど、声が出ない。
13,9,軽め(夜),22:00,もし今夜、彼が手を握ってきたら。握り返せるかな。握り返したい。私の心は、まだ彼を求めているはずだから。
13,10,軽め(〆),23:00,週の真ん中、お疲れ様でした。完璧な妻じゃなくていい。完璧な夫じゃなくていい。ただ、互いを思いやる気持ちがあれば。おやすみなさい。
14,1,本気(共感),07:00,日曜の公園。子どもたちは遊具で遊んでいる。私たちはベンチの端と端。会話はない。お互いスマホを見ている。周りから見れば「平和な家族」。でも、このベンチには見えない壁がある。
14,2,軽め(挨拶),08:00,おはようございます。夫と最後に手を繋いだのはいつ？思い出せない。子どもとは毎日繋ぐのに。夫の手の感触を忘れてしまった。それが、少し怖い。
14,3,軽め(問),10:00,「パパ、ママ、見て！」子どもの声で顔を上げる。二人で同時に笑う。その瞬間だけ、心が重なる。子どもがいなかったら、私たちは他人だったかもしれない。
14,4,本気(解決),12:00,スキンシップほぼゼロ。会話は業務連絡のみ。波風は立たない。喧嘩もしない。これを「平和」と呼んでいいの？これは「停戦状態」じゃないの？心が死んでいく音が聞こえる。
14,5,軽め(共感),15:00,「共同経営者」としては優秀なパートナー。でも「恋人」としては失格。私たち、どこで間違えたんだろう。公園の砂場で山を作る子どもを見ながら、砂上の楼閣という言葉を思い出した。
14,6,軽め(一言),17:00,帰り道、夫が運転する車の助手席。眠るふりをする。話すことがないから。沈黙が苦痛じゃないのが、逆に悲しい。諦めに慣れてしまった自分がいる。
14,7,本気(誘導),20:00,離婚は考えていない。でも、このまま枯れていくのも嫌だ。まだ間に合うなら、何かを変えたい。「共同経営者」から「パートナー」に戻るための、最初の一歩。Noteに記しました。勇気のある方だけ、読んでください。
14,8,軽め(夜),21:00,子どもが寝た後、夫は自分の部屋へ。私はリビング。完全な別居状態。でも、同じ屋根の下。この距離感、縮める必要があるのかな。今のままでも楽だけど。
14,9,軽め(夜),22:00,ふと、昔の写真が出てきた。二人がくっついて笑っている。この頃の私たちは、今の私たちを想像できただろうか。写真の中の私に「ごめんね」と謝った。
14,10,軽め(〆),23:00,諦めないで。心のどこかで、まだ温もりを求めているなら。その火種は消えていません。明日、「おはよう」と目を見て言ってみてください。おやすみなさい。希望を捨てないあなたへ。
15,1,本気(共感),07:00,"【画像文字案】
「今日、何話したっけ？」
業務連絡だけのLINE履歴。
虚しくなる夜、ありませんか？

【本文】
「『夫婦 会話 増やす』で検索したことがある人へ。本当に必要なのは量より質です。」

（改行）

朝の「行ってきます」と、夜の「おやすみ」。
その間の会話が、子供のことと事務連絡だけになっていませんか？

「今日、何話したっけ？」とLINEを見返して、業務連絡の羅列に虚しくなる。
沈黙が怖いからテレビをつけるけれど、画面を見ている横顔が遠く感じる。

会話がないわけじゃない。
でも、「心」が通う会話が、どこかに消えてしまった気がする。

私の実体験はプロフの固定投稿へ。
#夫婦の会話 #コミュニケーション #孤独感 #手段"
15,2,軽め(挨拶),08:00,"おはようございます。
「会話」は心の栄養。
不足すると、心は乾いてしまいます。
今日は一言、「ありがとう」を丁寧に伝えてみませんか？
無理せずいきましょう。"
15,3,軽め(問),10:00,"【質問】
パートナーと最後に「目を見て」話したのはいつですか？

1. 今朝
2. 昨日
3. 思い出せない

正直に教えてください🙋‍♀️"
15,4,本気(解決),12:00,"【画像文字案】
会話の「量」を追うと疲れる。
必要なのは、たった15分の
「質の高い」時間。

【本文】
会話を増やそうと無理に話題を探して、空回りして疲れてしまう。
それは「量」を求めているからかもしれません。

本当に必要なのは、心が通う「質」の時間。
たとえ1日15分でも、お互いの目を見て、感情を共有できれば、関係は変わります。

（改行）

「夫婦会話を増やす7つの方法【15分ルール・傾聴スキル・将来の話】」
具体的な方法はNoteで公開中。
#夫婦の会話 #コミュニケーション #解決策"
15,5,軽め(共感),15:00,"「ねぇ」と話しかけても、スマホを見たまま生返事。
自分の存在が無視されているようで、胸がキュッとなる。
これ、あるあるですよね。
共感したら「いいね」お願いします。"
15,6,軽め(一言),17:00,"夕方のこの時間。
帰宅後の第一声、何を言おうか迷いませんか？
「おかえり」に少しだけ気持ちを込めてみる。
小さな変化が大事です。"
15,7,本気(誘導),20:00,"【画像文字案】
諦めないで。
会話は「技術」で
取り戻せます。

【本文】
会話・コミュニケーション改善クラスター。
その悩みを抱えているあなたへ。

「もう何を話せばいいかわからない」
そう思っていても、大丈夫。
会話は才能ではなく、技術です。
少しのコツで、あの頃のような楽しい時間は取り戻せます。

（改行）

「夫婦会話を増やす7つの方法【15分ルール・傾聴スキル・将来の話】」
解決のための「3つのステップ」をNoteにまとめました。
▼記事はプロフのリンクから
#夜専用レス手前の会話レシピ"
15,8,軽め(夜),21:00,"夜のリビング。
テレビの音だけが響く空間。
「何か話したいけど、きっかけがない」
同じ気持ちの人、いますか？"
15,9,軽め(夜),22:00,"今日もお疲れ様でした。
会話が少なかった日も、自分を責めないで。
明日は「おはよう」から始めればいい。
おやすみなさい。"
15,10,軽め(〆),23:00,"明日は今日より少しだけ、心が軽くなりますように。
言葉にならなかった想いも、いつか届きますように。
プロフの固定投稿もぜひ。
おやすみなさい。"
16,1,本気(共感),07:00,"【画像文字案】
断られるのが怖くて
背中を向けて寝る。
その距離が、永遠に感じる。

【本文】
「『妻 誘い方 成功』で検索したことがある夫へ。誘う前にやるべきことがあります。」

（改行）

ベッドに入った瞬間、緊張が走る。
「今日こそは」と思うけれど、疲れた様子の背中を見ると言葉が詰まる。

断られた時の気まずさ、傷つくのが怖くて、「おやすみ」とだけ言って背中を向ける。
物理的な距離は数センチなのに、心の距離は何キロメートルも離れている気がする。

このまま、触れ合うことのない関係になってしまうのかな。

私の実体験はプロフの固定投稿へ。
#レス対策 #スキンシップ #夫婦関係 #手段"
16,2,軽め(挨拶),08:00,"おはようございます。
肌の温もりは、言葉以上の安心感をくれます。
手をつなぐ、肩に触れる。
小さなスキンシップから始めてみませんか？
今日も無理せずいきましょう。"
16,3,軽め(問),10:00,"【質問】
パートナーと手をつないだのはいつですか？

1. 最近
2. 久ししくない
3. 記憶にない

正直に教えてください🙋‍♀️"
16,4,本気(解決),12:00,"【画像文字案】
「誘う」から重くなる。
自然な「触れ合い」が
心の壁を溶かす。

【本文】
繊細で言いづらい悩みだからこそ、検索に頼ってしまう。
「プチレス」「手前」など、まだ深刻化していない言葉を選びたい。

拒否の怖さと、義務感の疲れ。
お互いに見えない壁を作っていませんか？
いきなりゴールを目指さず、まずは「触れ合うこと」の心地よさを思い出すことから。

（改行）

「プチレス手前の夫婦が知っておくべき、誘い方とタイミングの全て」
具体的な方法はNoteで公開中。
#レス対策 #スキンシップ #解決策"
16,5,軽め(共感),15:00,"ふとした瞬間に手が触れて、ビクッと避けられてしまう。
あの瞬間の絶望感、言葉にできませんよね。
これ、あるあるですよね。
共感したら「いいね」お願いします。"
16,6,軽め(一言),17:00,"夕方のこの時間。
今夜はどうしようか、少し憂鬱になることもありますよね。
考えすぎず、自然体で。
小さな変化が大事です。"
16,7,本気(誘導),20:00,"【画像文字案】
諦めないで。
その温もりは
まだ取り戻せる。

【本文】
レス対策・スキンシップクラスター。
その悩みを抱えているあなたへ。

「もう求められていないのかな」
そう悲観する前に、試してほしいことがあります。
相手もまた、きっかけを待っているのかもしれません。

（改行）

「プチレス手前の夫婦が知っておくべき、誘い方とタイミングの全て」
解決のための「3つのステップ」をNoteにまとめました。
▼記事はプロフのリンクから
#夜専用レス手前の会話レシピ"
16,8,軽め(夜),21:00,"夜のリビング。
お風呂上がりのタイミング、妙に意識してしまう。
同じ気持ちの人、いますか？"
16,9,軽め(夜),22:00,"今日もお疲れ様でした。
触れ合えなかった日も、想いは大切に。
焦らず、ゆっくりと。
おやすみなさい。"
16,10,軽め(〆),23:00,"明日は今日より少しだけ、心が軽くなりますように。
隣にいる人の温もりを、いつか素直に感じられますように。
プロフの固定投稿もぜひ。
おやすみなさい。"
17,1,本気(共感),07:00,"【画像文字案】
「今度の休み、どうする？」
「別に、なんでもいいよ」
その一言で、週末が色褪せる。

【本文】
「『夫婦 デート どこ』で検索している人へ。場所よりも大事なことがあります。」

（改行）

週末が来るのが楽しみだったのは、いつまでだろう。
今は「休みの日くらいゆっくりしたい」がお互いの本音。

同じ空間にいるのに、別々のスマホを見ている。
会話はあっても、心が躍らない。
「マンネリ」という言葉で片付けるには、あまりにも寂しいこの空気。

このまま「同居人」になっていくのが怖い。

私の実体験はプロフの固定投稿へ。
#マンネリ解消 #夫婦デート #関係再構築 #手段"
17,2,軽め(挨拶),08:00,"おはようございます。
「いつも通り」は安心だけど、たまにはスパイスも必要。
今日はいつもと違う道を歩いてみませんか？
今日も無理せずいきましょう。"
17,3,軽め(問),10:00,"【質問】
パートナーと最後に「デート」したのはいつですか？

1. 1ヶ月以内
2. 半年以内
3. 1年以上前

正直に教えてください🙋‍♀️"
17,4,本気(解決),12:00,"【画像文字案】
「どこに行くか」じゃない。
「誰とどう過ごすか」
そのワクワクを思い出す。

【本文】
「マンネリ」「倦怠期」という言葉で問題を定義してしまうと、解決が遠のきます。
デート先や趣味を探すのもいいけれど、もっと大切なのは「二人で楽しむ」という感覚。

別行動が増えている現状を変えたい。
その前向きな意欲があれば、関係は必ずリフレッシュできます。

（改行）

「結婚5年の倦怠期を乗り越える、マンネリ解消デート7選」
具体的な方法はNoteで公開中。
#マンネリ解消 #夫婦デート #解決策"
17,5,軽め(共感),15:00,"久しぶりに外食しても、料理の写真を撮って終わり。
目の前の相手より、SNSの反応が気になってしまう。
これ、あるあるですよね。
共感したら「いいね」お願いします。"
17,6,軽め(一言),17:00,"夕方のこの時間。
週末の予定が決まっていない焦り。
「ま、いっか」で済ませてしまいそうになる。
小さな変化が大事です。"
17,7,本気(誘導),20:00,"【画像文字案】
諦めないで。
ときめきは
「演出」できます。

【本文】
マンネリ解消・関係性の再構築クラスター。
その悩みを抱えているあなたへ。

「もうドキドキすることなんてない」
そう決めつけないで。
長く一緒にいるからこそできる、深い楽しみ方があります。

（改行）

「結婚5年の倦怠期を乗り越える、マンネリ解消デート7選」
解決のための「3つのステップ」をNoteにまとめました。
▼記事はプロフのリンクから
#夜専用レス手前の会話レシピ"
17,8,軽め(夜),21:00,"夜のリビング。
「次の休み、ここ行ってみない？」
その一言が言えなくて、スマホを閉じる。
同じ気持ちの人、いますか？"
17,9,軽め(夜),22:00,"今日もお疲れ様でした。
変化のない一日も、平穏という幸せ。
でも明日は、少しだけ冒険を。
おやすみなさい。"
17,10,軽め(〆),23:00,"明日は今日より少しだけ、心が軽くなりますように。
二人の時間が、また色鮮やかになりますように。
プロフの固定投稿もぜひ。
おやすみなさい。"
18,1,本気(共感),07:00,"【画像文字案】
「疲れてるから、後にして」
その一言が言えなくて
イライラをぶつけてしまう。

【本文】
「『仕事 育児 夫婦仲』で検索した人へ。疲れているのは、あなただけじゃありません。」

（改行）

仕事から帰って、息つく暇もなく家事と育児。
座った瞬間に寝落ちしそうなほどの疲労感。

パートナーがスマホを見ているだけで、「なんで私だけ」と黒い感情が湧き上がる。
本当は優しくしたいのに、口を開けばトゲのある言葉が出てしまう。

疲れが、私たちの関係を蝕んでいく。

私の実体験はプロフの固定投稿へ。
#共働き夫婦 #育児疲れ #ストレス #問題"
18,2,軽め(挨拶),08:00,"おはようございます。
疲れは心の余裕を奪います。
今日は5分だけでいい、自分のためのコーヒータイムを作りませんか？
今日も無理せずいきましょう。"
18,3,軽め(問),10:00,"【質問】
最近、パートナーにイライラしてしまう原因は？

1. 家事をしない
2. 話を聞かない
3. 自分の余裕がない

正直に教えてください🙋‍♀️"
18,4,本気(解決),12:00,"【画像文字案】
頑張りすぎないで。
夫婦仲を守るために
「休む勇気」を持つ。

【本文】
仕事・育児の疲労が夫婦仲を直撃していることを自覚していますか？
協力的でない配偶者への不満も、元を辿れば「余裕のなさ」が原因かもしれません。

スマホが喧嘩の原因になるのも、現実逃避したい心の表れ。
お互いに「休む」ことを許し合うルールが必要です。

（改行）

「仕事と育児で疲れ切った夫婦が、夫婦仲を守るための5つの習慣」
具体的な方法はNoteで公開中。
#共働き夫婦 #育児疲れ #解決策"
18,5,軽め(共感),15:00,"子供が寝た後、泥のように眠りたいのに、残った家事が目に入る。
パートナーは先に寝室へ。あの瞬間の殺意にも似た感情。
これ、あるあるですよね。
共感したら「いいね」お願いします。"
18,6,軽め(一言),17:00,"夕方のこの時間。
これから始まる「夜の部（家事育児）」に深呼吸。
完璧じゃなくていい。
小さな変化が大事です。"
18,7,本気(誘導),20:00,"【画像文字案】
諦めないで。
余裕は「仕組み」で
作れます。

【本文】
疲労・ストレス対処クラスター。
その悩みを抱えているあなたへ。

「もう限界」
そう心が悲鳴を上げる前に。
二人で倒れないための、チームとしての戦略を立てましょう。

（改行）

「仕事と育児で疲れ切った夫婦が、夫婦仲を守るための5つの習慣」
解決のための「3つのステップ」をNoteにまとめました。
▼記事はプロフのリンクから
#夜専用レス手前の会話レシピ"
18,8,軽め(夜),21:00,"夜のリビング。
散らかった部屋を見て見ぬふり。
「今日はもう終わり！」と宣言したい。
同じ気持ちの人、いますか？"
18,9,軽め(夜),22:00,"今日もお疲れ様でした。
生きているだけで、今日は100点満点。
泥のように眠りましょう。
おやすみなさい。"
18,10,軽め(〆),23:00,"明日は今日より少しだけ、心が軽くなりますように。
疲れが癒えて、優しさが戻りますように。
プロフの固定投稿もぜひ。
おやすみなさい。"
19,1,本気(共感),07:00,"【画像文字案】
「このまま終わるのかな」
隣にいるのに感じる
凍えるような孤独。

【本文】
「『夫婦仲 諦めたくない』で検索したあなたへ。その気持ちがあれば、まだ大丈夫です。」

（改行）

喧嘩をする気力すらない。
ただ淡々と過ぎていく毎日の中で、ふと「私たちはもう終わっているのかもしれない」という不安がよぎる。

寂しいと言えば重いと思われる。
不満を言えば面倒がられる。
だから飲み込んで、平気なフリをする。

でも本当は、誰よりもわかってほしい。

私の実体験はプロフの固定投稿へ。
#夫婦関係 #不安 #孤独 #問題"
19,2,軽め(挨拶),08:00,"おはようございます。
不安は「見えない」から大きくなります。
今日は自分の気持ちを、紙に書き出してみませんか？
今日も無理せずいきましょう。"
19,3,軽め(問),10:00,"【質問】
ふと「離婚」の二文字が頭をよぎったことはありますか？

1. よくある
2. たまにある
3. 全くない

正直に教えてください🙋‍♀️"
19,4,本気(解決),12:00,"【画像文字案】
「諦めたくない」
その想いがある限り
道は必ず開ける。

【本文】
不安・寂しさ・冷え込みなど、感情ワードが検索に現れる夜。
それはあなたが、まだ関係を大切に思っている証拠です。

「自分から」動くのは悔しいかもしれない。
でも、相手を変えることはできません。
変えられるのは、自分の行動と未来だけ。

（改行）

「夫婦の会話がない不安を解消するための、自分から始める3つの行動」
具体的な方法はNoteで公開中。
#夫婦関係 #不安 #解決策"
19,5,軽め(共感),15:00,"楽しそうな家族連れを見て、胸がチクリと痛む。
「うちはどうしてこうなっちゃったんだろう」と比べてしまう。
これ、あるあるですよね。
共感したら「いいね」お願いします。"
19,6,軽め(一言),17:00,"夕方のこの時間。
漠然とした不安が影のように伸びてくる。
大丈夫、あなたは一人じゃない。
小さな変化が大事です。"
19,7,本気(誘導),20:00,"【画像文字案】
諦めないで。
その不安は
「愛」の裏返しです。

【本文】
心理的不安の解消クラスター。
その悩みを抱えているあなたへ。

「もう無理かも」と「まだ頑張りたい」の間で揺れている。
その揺らぎこそが、希望です。
小さな一歩から、景色は変わります。

（改行）

「夫婦の会話がない不安を解消するための、自分から始める3つの行動」
解決のための「3つのステップ」をNoteにまとめました。
▼記事はプロフのリンクから
#夜専用レス手前の会話レシピ"
19,8,軽め(夜),21:00,"夜のリビング。
相手の背中を見つめながら、心の中で話しかける。
「こっちを向いて」
同じ気持ちの人、いますか？"
19,9,軽め(夜),22:00,"今日もお疲れ様でした。
不安な夜は、温かい飲み物を。
心まで温まりますように。
おやすみなさい。"
19,10,軽め(〆),23:00,"明日は今日より少しだけ、心が軽くなりますように。
あなたの優しさが、正しく伝わりますように。
プロフの固定投稿もぜひ。
おやすみなさい。"
20,1,本気(共感),07:00,"【画像文字案】
ふとした瞬間、
世界に一人ぼっちのような
感覚に襲われる。

【本文】
「ふとした瞬間に『自分に興味持たれてないかも』って、孤独感が襲ってきたことありませんか？」

（改行）

みんなで笑っている時、ふと我に返る。
パートナーが自分の話を上の空で聞いている時、心がスッと冷える。

「あ、この人は私に興味がないんだ」
そう気づいてしまった瞬間の、足元が崩れるような感覚。

日常の中に潜む「不意打ち」の孤独が、一番心を削っていく。

私の実体験はプロフの固定投稿へ。
#孤独感 #夫婦の溝 #興味関心 #問題"
20,2,軽め(挨拶),08:00,"おはようございます。
孤独は「繋がり」を求めているサイン。
今日は誰かに、自分から挨拶をしてみませんか？
今日も無理せずいきましょう。"
20,3,軽め(問),10:00,"【質問】
パートナーが自分に「興味がない」と感じる瞬間は？

1. 話を聞いていない時
2. 変化に気づかない時
3. 質問されない時

正直に教えてください🙋‍♀️"
20,4,本気(解決),12:00,"【画像文字案】
「見てほしい」
その叫びを
言葉に変える勇気。

【本文】
「ふとした瞬間」の孤独感は、日常の積み重ねが表面化したもの。
会話や視線が合わない小さなズレが、大きな不安となって襲ってきます。

「興味を持たれていない」＝「自分の価値がない」ではありません。
ただ、シグナルが届いていないだけかもしれません。

（改行）

「突然襲ってくる孤独感の正体と、パートナーに『ちゃんと見てる』を伝え合う方法」
具体的な方法はNoteで公開中。
#孤独感 #夫婦の溝 #解決策"
20,5,軽め(共感),15:00,"髪を切っても、新しい服を着ても、何も言われない。
「気づいてないの？それともどうでもいいの？」と聞くのも怖い。
これ、あるあるですよね。
共感したら「いいね」お願いします。"
20,6,軽め(一言),17:00,"夕方のこの時間。
街の喧騒の中で感じる孤独。
家に帰っても、その孤独が消えない予感。
小さな変化が大事です。"
20,7,本気(誘導),20:00,"【画像文字案】
諦めないで。
あなたは
愛される価値がある。

【本文】
突然襲ってくる孤独感の瞬間。
その悩みを抱えているあなたへ。

孤独に押しつぶされそうな夜。
まずは自分で自分を抱きしめてあげてください。
そして、少しだけ勇気を出して、手を伸ばしてみませんか。

（改行）

「突然襲ってくる孤独感の正体と、パートナーに『ちゃんと見てる』を伝え合う方法」
解決のための「3つのステップ」をNoteにまとめました。
▼記事はプロフのリンクから
#夜専用レス手前の会話レシピ"
20,8,軽め(夜),21:00,"夜のリビング。
同じ部屋にいるのに、まるで透明人間になった気分。
同じ気持ちの人、いますか？"
20,9,軽め(夜),22:00,"今日もお疲れ様でした。
孤独な夜も、星は輝いています。
あなたは一人じゃありません。
おやすみなさい。"
20,10,軽め(〆),23:00,"明日は今日より少しだけ、心が軽くなりますように。
あなたの存在が、誰かの光になりますように。
プロフの固定投稿もぜひ。
おやすみなさい。"
21,1,本気(共感),07:00,"【画像文字案】
「夜、誘わないで」
言葉には出さないけど
全身で拒否してしまう。

【本文】
「お互い疲れすぎて、夜に話しかけるのすらプレッシャーになってませんか？」

（改行）

子供を寝かしつけた後の、貴重な自由時間。
本当は夫婦で話したい気持ちもある。
でも、それ以上に「一人になりたい」「眠りたい」が勝つ。

相手が近づいてくる気配を感じると、無意識に身構えてしまう。
「疲れてるから」は正当な理由だけど、それを盾に逃げ続けている自分にも気づいている。

このまま、ただの「共同経営者」になっていくのかな。

私の実体験はプロフの固定投稿へ。
#産後クライシス #夫婦の危機 #疲労 #問題"
21,2,軽め(挨拶),08:00,"おはようございます。
疲れている時は、逃げてもいいんです。
でも、逃げ場所は「二人の関係」の外ではなく、中に作りたいですね。
今日も無理せずいきましょう。"
21,3,軽め(問),10:00,"【質問】
夜、パートナーと過ごす時間は苦痛ですか？

1. 楽しみ
2. 義務感がある
3. 正直、苦痛

正直に教えてください🙋‍♀️"
21,4,本気(解決),12:00,"【画像文字案】
会話もスキンシップも
「タスク」にしない。
心地よい「隙間」を作る。

【本文】
疲労が「受動的回避」を引き起こし、本来ポジティブな行動すら避けるようになる。
結婚5年以上の夫婦の会話時間が減るのは、ある意味自然な防衛反応です。

でも、それを放置すれば溝は深まるばかり。
頑張らなくていい。ただ、隣に座るだけでいい。
ハードルを極限まで下げることが、再開の鍵です。

（改行）

「疲れ切った夫婦が、会話とスキンシップを『タスク』にしないための3つの工夫」
具体的な方法はNoteで公開中。
#産後クライシス #夫婦の危機 #解決策"
21,5,軽め(共感),15:00,"休日は家族サービスでヘトヘト。
月曜日の朝が一番体が重い。
「夫婦の時間？そんなのどこにあるの？」と叫びたくなる。
これ、あるあるですよね。
共感したら「いいね」お願いします。"
21,6,軽め(一言),17:00,"夕方のこの時間。
電池切れ寸前の体を引きずって帰路につく。
家が「安らぎの場」であってほしいと願う。
小さな変化が大事です。"
21,7,本気(誘導),20:00,"【画像文字案】
諦めないで。
疲れの先にある
穏やかな関係へ。

【本文】
仕事と育児による時間的・物理的疲弊メカニズム。
その悩みを抱えているあなたへ。

今はトンネルの中かもしれません。
でも、出口は必ずあります。
焦らず、二人のペースで、歩いていきましょう。

（改行）

「疲れ切った夫婦が、会話とスキンシップを『タスク』にしないための3つの工夫」
解決のための「3つのステップ」をNoteにまとめました。
▼記事はプロフのリンクから
#夜専用レス手前の会話レシピ"
21,8,軽め(夜),21:00,"夜のリビング。
お互いにスマホを見て、無言のまま時間が過ぎる。
「これでいいのかな」と思いながら。
同じ気持ちの人、いますか？"
21,9,軽め(夜),22:00,"今日もお疲れ様でした。
何もできなかった日も、生きていただけで偉い。
自分を労ってあげてください。
おやすみなさい。"
21,10,軽め(〆),23:00,"明日は今日より少しだけ、心が軽くなりますように。
二人の時間が、義務ではなく癒しになりますように。
プロフの固定投稿もぜひ。
おやすみなさい。"
22,1,本気(共感),07:00,"【画像文字案】
「今日、何があった？」
その一言が、なぜか出てこない。
会話が「報告」だけになっていく。

【本文】
「会話の8割が子どもの話か、明日のゴミ出しの話。自分のことを話すのを忘れた」

（改行）

朝起きてから寝るまで、交わす言葉は事務連絡ばかり。
「おむつ買った？」「明日は遅くなる」「了解」

まるで会社の同僚のようなやり取り。
昔はあんなにくだらないことで笑い合っていたのに。
「私」個人を見てくれている感覚が、少しずつ薄れていく。

私の実体験はプロフの固定投稿へ。
#夫婦の会話 #コミュニケーション #事務的 #問題"
22,2,軽め(挨拶),08:00,"おはようございます。
「報告」はAIでもできますが、「共感」は人間にしかできません。
今日は一つだけ、感情を伝えてみませんか？
無理せずいきましょう。"
22,3,軽め(問),10:00,"【質問】
最近、パートナーと「意味のない雑談」をしましたか？

1. 毎日している
2. たまにしている
3. 全くしていない

正直に教えてください🙋‍♀️"
22,4,本気(解決),12:00,"【画像文字案】
「業務連絡」を
「会話」に変える魔法。
たった一言で空気は変わる。

【本文】
会話の質の低下と形式化メカニズム。
タスク報告だけの会話は、心を砂漠化させます。

でも、いきなり深い話をする必要はありません。
「疲れたね」「その服いいね」
感情を乗せた一言が、潤いを取り戻すきっかけになります。

（改行）

「タスク報告だけの会話から、『感情の交流』を取り戻す5分ルール」
具体的な方法はNoteで公開中。
#夫婦の会話 #コミュニケーション #解決策"
22,5,軽め(共感),15:00,"子供の話なら盛り上がるのに、二人の話になると沈黙が流れる。
「私たち、子供がいなかったら何を話すんだろう」と怖くなる。
これ、あるあるですよね。
共感したら「いいね」お願いします。"
22,6,軽め(一言),17:00,"夕方のこの時間。
「今日の夕飯なに？」のLINEに、献立名だけで返す。
スタンプ一つ押す気力もない。
小さな変化が大事です。"
22,7,本気(誘導),20:00,"【画像文字案】
諦めないで。
会話の「温度」は
上げられます。

【本文】
会話の質の低下と形式化メカニズム。
その悩みを抱えているあなたへ。

冷え切った関係を温めるのは、特別なイベントではありません。
日常の些細な言葉の端々に、少しだけ体温を乗せること。
そこから始めてみませんか。

（改行）

「タスク報告だけの会話から、『感情の交流』を取り戻す5分ルール」
解決のための「3つのステップ」をNoteにまとめました。
▼記事はプロフのリンクから
#夜専用レス手前の会話レシピ"
22,8,軽め(夜),21:00,"夜のリビング。
「ねぇ」と呼びかけても、「ん？」とスマホから目を離さない。
その背中に、言葉を飲み込む。
同じ気持ちの人、いますか？"
22,9,軽め(夜),22:00,"今日もお疲れ様でした。
言葉にできなかった想いも、明日は伝わりますように。
おやすみなさい。"
22,10,軽め(〆),23:00,"明日は今日より少しだけ、心が軽くなりますように。
あなたの声が、大切な人に届きますように。
プロフの固定投稿もぜひ。
おやすみなさい。"
23,1,本気(共感),07:00,"【画像文字案】
「デート」の行き先が
ホームセンターとスーパー。
ときめきは、どこへ消えた？

【本文】
「最近のデート、ホームセンターと買い物で終わってませんか？」

（改行）

週末のお出かけ。
昔は「どこ行く？」ってワクワクしたのに、今は「洗剤買わなきゃ」が最優先。
手を繋ぐこともなく、カートを押して歩く二人。

私たちは「戦友」にはなれたかもしれない。
でも、「恋人」だった頃の記憶が、遠い昔のように感じる。
このまま「お父さん」「お母さん」だけの関係で終わるのかな。

私の実体験はプロフの固定投稿へ。
#マンネリ #夫婦デート #恋人 #問題"
23,2,軽め(挨拶),08:00,"おはようございます。
「役割」を脱いで、「名前」で呼び合う時間。
今日は5分だけ、恋人に戻ってみませんか？
今日も無理せずいきましょう。"
23,3,軽め(問),10:00,"【質問】
パートナーを「パパ」「ママ」以外で呼んだのはいつですか？

1. 今日
2. 最近
3. 思い出せない

正直に教えてください🙋‍♀️"
23,4,本気(解決),12:00,"【画像文字案】
「戦友」から
「恋人」へ。
スイッチを入れるのは自分。

【本文】
記念日や週末に特別な計画を立てる意欲がない。
それは「家族」としての機能が優先されすぎているから。

でも、安定とときめきは両立できます。
月1回、子供を預けて、あるいは子供が寝た後に。
「二人だけの時間」を予約することから始めましょう。

（改行）

「『戦友』から『恋人』に戻るための、月1回の特別な時間の作り方」
具体的な方法はNoteで公開中。
#マンネリ #夫婦デート #解決策"
23,5,軽め(共感),15:00,"おしゃれをして出かけても、「動きにくい服だな」と言われるだけ。
「誰のために綺麗にしてると思ってるの！」と心の中で叫ぶ。
これ、あるあるですよね。
共感したら「いいね」お願いします。"
23,6,軽め(一言),17:00,"夕方のこの時間。
週末の予定を考えるのが面倒くさい。
「家でゴロゴロしたい」が本音。
小さな変化が大事です。"
23,7,本気(誘導),20:00,"【画像文字案】
諦めないで。
ときめきは
「再燃」します。

【本文】
恋人としての役割の消滅（マンネリ）メカニズム。
その悩みを抱えているあなたへ。

火種はまだ残っています。
少し風を送れば、また炎は燃え上がる。
「あの頃」に戻るのではなく、「今の二人」で新しい恋をしましょう。

（改行）

「『戦友』から『恋人』に戻るための、月1回の特別な時間の作り方」
解決のための「3つのステップ」をNoteにまとめました。
▼記事はプロフのリンクから
#夜専用レス手前の会話レシピ"
23,8,軽め(夜),21:00,"夜のリビング。
昔の写真を見返して、「若かったな」と苦笑い。
隣にいる人は、もう別人みたい。
同じ気持ちの人、いますか？"
23,9,軽め(夜),22:00,"今日もお疲れ様でした。
ときめきがない日も、信頼があるなら大丈夫。
でも明日は、少しだけ甘えてみて。
おやすみなさい。"
23,10,軽め(〆),23:00,"明日は今日より少しだけ、心が軽くなりますように。
二人の時間が、色鮮やかになりますように。
プロフの固定投稿もぜひ。
おやすみなさい。"
24,1,本気(共感),07:00,"【画像文字案】
「そろそろかな」
その気配を感じると
心臓が早鐘を打つ。

【本文】
「パートナーからの誘い、『どうしよう』って身構えてしまうことありませんか？」

（改行）

夫の手が伸びてきた瞬間、体が強張る。
「今日は疲れてるのに」「断ったら不機嫌になるかな」
頭の中で言い訳を探しながら、曖昧に笑ってやり過ごす。

応じれば「義務感」で虚しくなり、断れば「罪悪感」に苛まれる。
どちらを選んでも苦しい。
スキンシップが、いつからこんなに重荷になったんだろう。

私の実体験はプロフの固定投稿へ。
#レス予備軍 #夫婦関係 #スキンシップ #問題"
24,2,軽め(挨拶),08:00,"おはようございます。
心と体は繋がっています。
心が追いつかない時は、無理に体を合わせなくていい。
まずは手を繋ぐことから。
今日も無理せずいきましょう。"
24,3,軽め(問),10:00,"【質問】
パートナーからのスキンシップを「プレッシャー」に感じますか？

1. 感じる
2. たまに感じる
3. 感じない

正直に教えてください🙋‍♀️"
24,4,本気(解決),12:00,"【画像文字案】
「義務」じゃない。
「したい」と思えるまで
待ってもいい。

【本文】
誘いをプレッシャーに感じて寝たふり、または義務感で応じる。
それは、親密さが失われているサインです。

無理に応じる必要はありません。
でも、拒絶するだけでは溝は深まるばかり。
「今はハグだけがいい」と、自分の境界線を伝える勇気を。

（改行）

「義務感で応じるスキンシップから、『もう一度したい』を取り戻すまでの道のり」
具体的な方法はNoteで公開中。
#レス予備軍 #夫婦関係 #解決策"
24,5,軽め(共感),15:00,"「スキンシップ＝行為」だと思っている夫。
ただ抱きしめてほしいだけなのに、すぐに先へ進もうとする。
そのズレが悲しい。
これ、あるあるですよね。
共感したら「いいね」お願いします。"
24,6,軽め(一言),17:00,"夕方のこの時間。
夜が近づくにつれて、憂鬱が増していく。
「早く寝ちゃおうかな」と逃げ道を探す。
小さな変化が大事です。"
24,7,本気(誘導),20:00,"【画像文字案】
諦めないで。
触れ合う喜びは
取り戻せます。

【本文】
性的な関係の遠距離化（プチレス予備軍）メカニズム。
その悩みを抱えているあなたへ。

体だけの関係ではなく、心を通わせるスキンシップへ。
焦らず、ゆっくりと、二人のペースで再構築していきましょう。

（改行）

「義務感で応じるスキンシップから、『もう一度したい』を取り戻すまでの道のり」
解決のための「3つのステップ」をNoteにまとめました。
▼記事はプロフのリンクから
#夜専用レス手前の会話レシピ"
24,8,軽め(夜),21:00,"夜のリビング。
微妙な距離感で座るソファー。
触れてほしいような、ほしくないような。
同じ気持ちの人、いますか？"
24,9,軽め(夜),22:00,"今日もお疲れ様でした。
自分の体を大切に。
心安らかに眠れますように。
おやすみなさい。"
24,10,軽め(〆),23:00,"明日は今日より少しだけ、心が軽くなりますように。
あなたの心が、守られますように。
プロフの固定投稿もぜひ。
おやすみなさい。"
25,1,本気(共感),07:00,"【画像文字案】
「子供が巣立ったら」
その後の二人が
全く想像できない。

【本文】
「『週末の予定』以外で、夫婦の将来について話したのはいつですか？」

（改行）

教育費、住宅ローン、老後資金。
お金の話はするけれど、「二人でどう生きたいか」という話は避けている。

子供という「共通のプロジェクト」が終わったら、私たちをつなぐものは何が残るんだろう。
ただの同居人？それとも他人？
未来のページが白紙のままで、漠然とした不安が押し寄せる。

私の実体験はプロフの固定投稿へ。
#将来不安 #夫婦の未来 #熟年離婚 #問題"
25,2,軽め(挨拶),08:00,"おはようございます。
未来は「予言」するものではなく、「描く」もの。
今日は5年後の自分たちを、少しだけ想像してみませんか？
今日も無理せずいきましょう。"
25,3,軽め(問),10:00,"【質問】
パートナーと「老後の夢」を語り合ったことはありますか？

1. よくある
2. 昔はあった
3. 全くない

正直に教えてください🙋‍♀️"
25,4,本気(解決),12:00,"【画像文字案】
「家族会議」から
「未来会議」へ。
ワクワクを共有する。

【本文】
生活費・育児方針は話すが、夫婦としての未来は語らない。
「家族会議のメンバー」になってしまうと、関係は事務的になります。

「いつかここに行きたいね」「こんな暮らしがしたいね」
実現可能性は置いておいて、夢を語り合う時間が必要です。
それが、二人で歩く道しるべになります。

（改行）

「家族会議のメンバーから、もう一度『夫婦』に戻るための未来の描き方」
具体的な方法はNoteで公開中。
#将来不安 #夫婦の未来 #解決策"
25,5,軽め(共感),15:00,"定年退職した夫と二人きりの生活。
想像しただけで息が詰まりそうになる。
「趣味でも見つけてくれないかな」と願う日々。
これ、あるあるですよね。
共感したら「いいね」お願いします。"
25,6,軽め(一言),17:00,"夕方のこの時間。
子供の成長は嬉しいけれど、少し寂しい。
「親」としての役割が終わる日が近づいている。
小さな変化が大事です。"
25,7,本気(誘導),20:00,"【画像文字案】
諦めないで。
二人の物語は
まだ続きます。

【本文】
将来へのビジョン共有不足メカニズム。
その悩みを抱えているあなたへ。

子供のためだけの人生ではありません。
第二の人生を、最高のパートナーと楽しむために。
今から種をまいておきましょう。

（改行）

「家族会議のメンバーから、もう一度『夫婦』に戻るための未来の描き方」
解決のための「3つのステップ」をNoteにまとめました。
▼記事はプロフのリンクから
#夜専用レス手前の会話レシピ"
25,8,軽め(夜),21:00,"夜のリビング。
カレンダーを見ながら、ため息をつく。
予定で埋まっているけど、心は空っぽ。
同じ気持ちの人、いますか？"
25,9,軽め(夜),22:00,"今日もお疲れ様でした。
未来の不安は置いておいて、今夜はゆっくり休みましょう。
おやすみなさい。"
25,10,軽め(〆),23:00,"明日は今日より少しだけ、心が軽くなりますように。
二人の未来に、光が差しますように。
プロフの固定投稿もぜひ。
おやすみなさい。"
26,1,本気(共感),07:00,"【画像文字案】
「好きにしていいよ」
それは優しさじゃなく
無関心なだけ。

【本文】
「パートナーが干渉しなくなった。楽だけど、無関心に見えて寂しい——そう感じたことありませんか？」

（改行）

髪型を変えても、新しい服を買っても、何も言われない。
どこに行こうが、誰と会おうが、「ふーん」で終わり。
束縛されないのは自由で楽だけど、まるで空気のように扱われている気がする。

「信頼」と「無関心」は紙一重。
今の私たちは、どちらなんだろう。

私の実体験はプロフの固定投稿へ。
#無関心 #夫婦の溝 #孤独 #問題"
26,2,軽め(挨拶),08:00,"おはようございます。
「関心」は愛の反対語ではなく、愛そのもの。
今日は相手の小さな変化に、気づいて言葉にしてみませんか？
今日も無理せずいきましょう。"
26,3,軽め(問),10:00,"【質問】
パートナーに「自分に関心がない」と感じて寂しくなることは？

1. よくある
2. たまにある
3. 全くない

正直に教えてください🙋‍♀️"
26,4,本気(解決),12:00,"【画像文字案】
「干渉」はいらない。
欲しいのは
「見守られている」実感。

【本文】
干渉されない＝楽だが、無関心のサインと受け取ると孤独に変わる。
相手の行動に「どうでもいい」という無関心が透けて見えると、心は離れていきます。

「今日どうだった？」の一言でいい。
「あなたのことを気にしているよ」というサインを出し合うことが大切です。

（改行）

「干渉と関心の違い。パートナーに『ちゃんと見てる』を伝える小さな習慣」
具体的な方法はNoteで公開中。
#無関心 #夫婦の溝 #解決策"
26,5,軽め(共感),15:00,"体調が悪くて寝込んでいても、「大丈夫？」の一言もなく、自分のご飯の心配をされる。
「私は家政婦じゃない！」と泣きたくなる。
これ、あるあるですよね。
共感したら「いいね」お願いします。"
26,6,軽め(一言),17:00,"夕方のこの時間。
帰宅しても、お互いに「ただいま」「おかえり」すら言わない。
音のない家が、冷たく感じる。
小さな変化が大事です。"
26,7,本気(誘導),20:00,"【画像文字案】
諦めないで。
関心は「質問」から
生まれます。

【本文】
無関心による感情の遮断メカニズム。
その悩みを抱えているあなたへ。

相手が無関心なのは、あなたも無関心になっているからかもしれません。
鏡のように映し合う夫婦関係。
まずは自分から、問いかけてみませんか。

（改行）

「干渉と関心の違い。パートナーに『ちゃんと見てる』を伝える小さな習慣」
解決のための「3つのステップ」をNoteにまとめました。
▼記事はプロフのリンクから
#夜専用レス手前の会話レシピ"
26,8,軽め(夜),21:00,"夜のリビング。
視界の端に相手がいるのに、まるでいないかのように振る舞う。
この冷戦、いつまで続くの？
同じ気持ちの人、いますか？"
26,9,軽め(夜),22:00,"今日もお疲れ様でした。
誰かが見ていなくても、あなたは頑張っています。
自分を褒めてあげて。
おやすみなさい。"
26,10,軽め(〆),23:00,"明日は今日より少しだけ、心が軽くなりますように。
あなたの存在が、大切にされますように。
プロフの固定投稿もぜひ。
おやすみなさい。"
27,1,本気(共感),07:00,"【画像文字案】
私よりスマホが大事？
話しかけても
画面から目を離さない。

【本文】
「休みの日くらいスマホより私を見てほしい、って思ったことありませんか？」

（改行）

せっかくの休日。
リビングで一緒にいるのに、夫はずっとスマホゲームかSNS。
話しかけても生返事で、視線は画面に釘付け。

「ねぇ、聞いてる？」
何度言っても変わらない態度に、自分が蔑ろにされているようで悲しくなる。
スマホの中の世界の方が、私より魅力的なのかな。

私の実体験はプロフの固定投稿へ。
#スマホ依存 #夫婦の会話 #優先順位 #問題"
27,2,軽め(挨拶),08:00,"おはようございます。
デジタルデトックス、たまには必要ですね。
今日は食事中だけでも、スマホを置いてみませんか？
今日も無理せずいきましょう。"
27,3,軽め(問),10:00,"【質問】
パートナーがスマホを見ている時間、長いと感じますか？

1. 長すぎる
2. 普通
3. 気にならない

正直に教えてください🙋‍♀️"
27,4,本気(解決),12:00,"【画像文字案】
スマホを置く。
ただそれだけで
愛は伝わる。

【本文】
自分の優先順位が低いと感じている。
会話の減少とスキンシップの減少がセットになって不安を増幅させます。

「スマホを見ないで」と怒るより、「あなたと話したい」と伝えること。
物理的にスマホを置く時間を作るルールも効果的です。

（改行）

「会話が減るカップルの共通点」「スマホより大事な時間を取り戻す3つの工夫」
具体的な方法はNoteで公開中。
#スマホ依存 #夫婦の会話 #解決策"
27,5,軽め(共感),15:00,"子供が「パパ見て！」と言っても、スマホ片手に「すごいねー」。
子供にもその態度？と呆れてしまう。
これ、あるあるですよね。
共感したら「いいね」お願いします。"
27,6,軽め(一言),17:00,"夕方のこの時間。
通知音が鳴るたびに、ビクッと反応する夫。
私にはそんな反応してくれないのに。
小さな変化が大事です。"
27,7,本気(誘導),20:00,"【画像文字案】
諦めないで。
リアルな時間は
もっと楽しい。

【本文】
休みの日もスマホばかりで話を聞いてくれない。
その悩みを抱えているあなたへ。

画面の中には情報があるけれど、目の前には温もりがあります。
その価値を、もう一度思い出してもらいましょう。

（改行）

「会話が減るカップルの共通点」「スマホより大事な時間を取り戻す3つの工夫」
解決のための「3つのステップ」をNoteにまとめました。
▼記事はプロフのリンクから
#夜専用レス手前の会話レシピ"
27,8,軽め(夜),21:00,"夜のリビング。
青白い光に照らされた横顔。
近くにいるのに、一番遠い存在。
同じ気持ちの人、いますか？"
27,9,軽め(夜),22:00,"今日もお疲れ様でした。
今夜はスマホを置いて、目を閉じて。
静かな時間を大切に。
おやすみなさい。"
27,10,軽め(〆),23:00,"明日は今日より少しだけ、心が軽くなりますように。
あなたの声が、真っ直ぐ届きますように。
プロフの固定投稿もぜひ。
おやすみなさい。"
28,1,本気(共感),07:00,"【画像文字案】
喧嘩もしない。
会話もない。
静かに、でも確実に冷めていく。

【本文】
「夫婦仲は悪くはない。でも、どこか距離を感じ始めている30〜40代の皆さんへ。」

（改行）

激しい言い争いがあるわけじゃない。
DVや浮気があるわけでもない。
周りから見れば「普通の夫婦」。

でも、心の中では「このままでいいのかな」という違和感が消えない。
静かに、ゆっくりと、愛が冷めていく感覚。
これが「サイレント・クライシス」だと気づいた時、どうすればいいかわからなくなる。

私の実体験はプロフの固定投稿へ。
#サイレントクライシス #仮面夫婦 #倦怠期 #問題"
28,2,軽め(挨拶),08:00,"おはようございます。
「何もない」は平和ですが、時には「何か」を起こすことも必要。
今日は小さな波紋を投げてみませんか？
今日も無理せずいきましょう。"
28,3,軽め(問),10:00,"【質問】
今の夫婦関係を一言で表すと？

1. ラブラブ
2. 平穏（無風）
3. 冷戦

正直に教えてください🙋‍♀️"
28,4,本気(解決),12:00,"【画像文字案】
「凪」を恐れない。
でも、船を出す
準備はしておく。

【本文】
喧嘩しているわけではなく「静かに冷めていく」タイプの危機。
エネルギーが枯れているので、重い改善策には動けません。

「何とかしたい気持ちはあるが、気力がない」。
そんな時は、無理に動かず、まずは現状を認めることから。
小さな「挨拶」や「感謝」から、リハビリを始めましょう。

（改行）

「サイレント・クライシスとは何か？プチレス予備軍の夫婦に起きていること」
具体的な方法はNoteで公開中。
#サイレントクライシス #仮面夫婦 #解決策"
28,5,軽め(共感),15:00,"「離婚するほどじゃないけど、幸せでもない」。
この中途半端な状態が、一番生殺しで辛い。
これ、あるあるですよね。
共感したら「いいね」お願いします。"
28,6,軽め(一言),17:00,"夕方のこの時間。
平穏な日常に感謝しつつ、どこか物足りなさを感じる。
刺激が欲しいわけじゃない、温もりが欲しいだけ。
小さな変化が大事です。"
28,7,本気(誘導),20:00,"【画像文字案】
諦めないで。
静かな危機は
静かに解決できる。

【本文】
サイレント・クライシス下のプチレス予備軍。
その悩みを抱えているあなたへ。

大きなアクションは必要ありません。
日々の小さな積み重ねが、氷を溶かしていきます。
焦らず、ゆっくりと。

（改行）

「サイレント・クライシスとは何か？プチレス予備軍の夫婦に起きていること」
解決のための「3つのステップ」をNoteにまとめました。
▼記事はプロフのリンクから
#夜専用レス手前の会話レシピ"
28,8,軽め(夜),21:00,"夜のリビング。
波風立たない湖面のような空気。
石を投げ込む勇気が欲しい。
同じ気持ちの人、いますか？"
28,9,軽め(夜),22:00,"今日もお疲れ様でした。
平穏無事な一日に感謝。
でも明日は、少しだけ風を感じたい。
おやすみなさい。"
28,10,軽め(〆),23:00,"明日は今日より少しだけ、心が軽くなりますように。
静かな夜に、愛が芽生えますように。
プロフの固定投稿もぜひ。
おやすみなさい。"
29,1,本気(共感),07:00,"【画像文字案】
子どもが巣立った後
この広い家に二人きり。
その沈黙が、今から怖い。

【本文】
「子育てが終わったら、私たちに何が残るんだろう？」

（改行）

今は子供の話題で繋がっているけれど。
それがなくなったら、共通の話題なんてない。
想像するだけで、胸がざわざわする。

「おーい」と呼んでも、返事がない未来。
ただテレビの音だけが響くリビング。
そんな老後は嫌だ。でも、どうすればいいかわからない。

私の実体験はプロフの固定投稿へ。
#空の巣症候群 #熟年離婚 #夫婦の危機 #問題"
29,2,軽め(挨拶),08:00,"おはようございます。
未来の不安より、今のコーヒー。
まずは今日一日、心地よく過ごすことだけ考えましょう。
今日も無理せずいきましょう。"
29,3,軽め(問),10:00,"【質問】
子どもがいない時、夫婦の会話は弾みますか？

1. 弾む
2. 業務連絡のみ
3. 無言

正直に教えてください🙋‍♀️"
29,4,本気(解決),12:00,"【画像文字案】
「夫婦」を
もう一度始めよう。
ゼロからの再構築。

【本文】
「空の巣」は終わりではなく、第二章の始まりです。
恋人時代に戻るのではなく、新しい関係を作るチャンス。

まずは「子供抜きの会話」のリハビリから。
「今日の天気」でも「ニュース」でもいい。
「パパ・ママ」ではなく、名前で呼び合うことから始めてみませんか？

（改行）

「子どもが巣立った後の夫婦関係を、劇的に良くする3つの準備」
具体的な方法はNoteで公開中。
#空の巣症候群 #夫婦の再構築 #解決策"
29,5,軽め(共感),15:00,"夫と二人きりの車内。
ラジオだけが流れる気まずい時間。
昔はドライブデート楽しかったのになぁ。
これ、あるあるですよね。
共感したら「いいね」お願いします。"
29,6,軽め(一言),17:00,"夕方のこの時間。
子供の帰りを待つ時間も、あと数年かな。
今の騒がしさを、少しだけ愛おしく思う。
小さな変化が大事です。"
29,7,本気(誘導),20:00,"【画像文字案】
諦めないで。
沈黙は
信頼の証にもなる。

【本文】
二人きりの時間が怖いあなたへ。

無理に喋らなくていいんです。
「同じ空間にいても苦じゃない」
それが最初のゴールでいい。
焦らず、ゆっくり、二人のペースで。

（改行）

「子どもが巣立った後の夫婦関係を、劇的に良くする3つの準備」
解決のための「3つのステップ」をNoteにまとめました。
▼記事はプロフのリンクから
#夜専用レス手前の会話レシピ"
29,8,軽め(夜),21:00,"夜のリビング。
子供が塾でいない夜。
夫がお茶を淹れてくれた。
「ありがとう」と小さく言えた。
同じ気持ちの人、いますか？"
29,9,軽め(夜),22:00,"今日もお疲れ様でした。
未来のことは誰にもわからない。
でも、今日の温もりは嘘じゃない。
おやすみなさい。"
29,10,軽め(〆),23:00,"明日は今日より少しだけ、心が軽くなりますように。
二人の未来が、優しい色でありますように。
プロフの固定投稿もぜひ。
おやすみなさい。"
30,1,本気(共感),07:00,"【画像文字案】
「ねぇ」と言っても
スマホから目を離さない。
私の存在、見えてますか？

【本文】
「話を聞いてほしいだけなのに、解決策ばかり言われてモヤモヤしませんか？」

（改行）

「で、結論は？」
その言葉で、話す気が失せる。
私はただ、「大変だったね」って言ってほしいだけ。
共感が欲しいだけなのに。

会話が噛み合わない。
キャッチボールじゃなくて、ドッジボールみたい。
痛いよ、その正論。

私の実体験はプロフの固定投稿へ。
#会話なし #すれ違い #夫婦関係 #問題"
30,2,軽め(挨拶),08:00,"おはようございます。
言葉が届かない時は、付箋にメッセージを。
「冷蔵庫にプリンあるよ」
そんな小さなメモが、会話のきっかけになります。
今日も無理せずいきましょう。"
30,3,軽め(問),10:00,"【質問】
パートナーに「話を聞いてない」と怒られたことはありますか？

1. よくある
2. たまにある
3. ない（相手が聞いてない）

正直に教えてください🙋‍♀️"
30,4,本気(解決),12:00,"【画像文字案】
男は解決したい。
女は共感したい。
その違いを知るだけで楽になる。

【本文】
会話のズレは、脳の使い方の違いかもしれません。
夫が悪気があるわけじゃないんです。

「ただ聞いてほしいだけなんだけど」
最初にそう宣言するだけで、夫は「聞くモード」に切り替えやすくなります。
取扱説明書を渡すような感覚で。

（改行）

「夫が話を聞いてくれない！を解決する、魔法の枕詞」
具体的な方法はNoteで公開中。
#会話術 #夫婦のコミュニケーション #解決策"
30,5,軽め(共感),15:00,"一生懸命話してるのに「ふーん」で終了。
壁と話してる方がマシかもって思う瞬間。
虚しいなぁ。
これ、あるあるですよね。
共感したら「いいね」お願いします。"
30,6,軽め(一言),17:00,"夕方のこの時間。
「今日のご飯なに？」
それ以外の言葉も、たまには聞きたいな。
小さな変化が大事です。"
30,7,本気(誘導),20:00,"【画像文字案】
諦めないで。
伝え方を変えれば
耳は開く。

【本文】
会話が続かないと嘆くあなたへ。

相手を変えるのは難しい。
でも、自分の投げ方は変えられます。
豪速球じゃなくて、ふんわりとしたボールを投げてみて。
きっと受け取ってくれます。

（改行）

「夫が話を聞いてくれない！を解決する、魔法の枕詞」
解決のための「3つのステップ」をNoteにまとめました。
▼記事はプロフのリンクから
#夜専用レス手前の会話レシピ"
30,8,軽め(夜),21:00,"夜のリビング。
CMの間に、少しだけ雑談できた。
内容は忘れるくらい些細なこと。
でも、嬉しかった。
同じ気持ちの人、いますか？"
30,9,軽め(夜),22:00,"今日もお疲れ様でした。
言葉は心への架け橋。
明日はもっと、優しい橋がかかりますように。
おやすみなさい。"
30,10,軽め(〆),23:00,"明日は今日より少しだけ、心が軽くなりますように。
あなたの声が、心に届きますように。
プロフの固定投稿もぜひ。
おやすみなさい。"
31,1,本気(共感),07:00,"【画像文字案】
女として見られてない。
ただの「お母さん」
ただの「家政婦」。

【本文】
「最後に触れ合ったのはいつですか？思い出せないくらい前ですか？」

（改行）

新しい下着を買っても、気づかれない。
髪を切っても、何も言われない。
私の中の「女性」が、どんどん枯れていく気がする。

求められない寂しさは、言葉にできないほど深い。
このまま枯れていくのかな。
誰かに「綺麗だね」って言われたい。

私の実体験はプロフの固定投稿へ。
#レス #女としての自信 #夫婦関係 #問題"
31,2,軽め(挨拶),08:00,"おはようございます。
誰かのためじゃなく、自分のために綺麗でいよう。
お気に入りのリップを塗るだけで、背筋が伸びます。
今日も無理せずいきましょう。"
31,3,軽め(問),10:00,"【質問】
パートナーと手を繋いで歩けますか？

1. 余裕
2. 恥ずかしい
3. 絶対無理

正直に教えてください🙋‍♀️"
31,4,本気(解決),12:00,"【画像文字案】
「触れる」ハードルを
極限まで下げる。
ハイタッチから始めよう。

【本文】
いきなり濃厚なスキンシップはハードルが高い。
お互いに照れもあるし、拒絶も怖い。

だから、スポーツのような爽やかさで。
「行ってきます」のハイタッチ。
「お疲れ」の肩ポン。
そこから「触れること」への抵抗感をなくしていきましょう。

（改行）

「レス解消の第一歩！夫婦の距離を縮める『爽やかスキンシップ』作戦」
具体的な方法はNoteで公開中。
#レス #スキンシップ #解決策"
31,5,軽め(共感),15:00,"テレビでラブシーンが流れると、妙に気まずい空気になる。
お互いスマホを見て見ないふり。
意識してるのは私だけ？
これ、あるあるですよね。
共感したら「いいね'お願いします。"
31,6,軽め(一言),17:00,"夕方のこの時間。
ふと鏡に映る自分を見る。
「まだ大丈夫」と言い聞かせる。
小さな変化が大事です。"
31,7,本気(誘導),20:00,"【画像文字案】
諦めないで。
あなたは十分に
魅力的だから。

【本文】
自信を失いかけているあなたへ。

パートナーが見てくれなくても、あなたの価値は変わりません。
まずは自分で自分を愛してあげて。
その輝きは、きっと誰かの目に留まります。

（改行）

「レス解消の第一歩！夫婦の距離を縮める『爽やかスキンシップ』作戦」
解決のための「3つのステップ」をNoteにまとめました。
▼記事はプロフのリンクから
#夜専用レス手前の会話レシピ"
31,8,軽め(夜),21:00,"夜のリビング。
足が当たった時、避けられなかった。
それだけで、少しドキッとした。
同じ気持ちの人、いますか？"
31,9,軽め(夜),22:00,"今日もお疲れ様でした。
あなたの魅力は、内側から溢れています。
自信を持って。
おやすみなさい。"
31,10,軽め(〆),23:00,"明日は今日より少しだけ、心が軽くなりますように。
愛される喜びを、思い出せますように。
プロフの固定投稿もぜひ。
おやすみなさい。"
32,1,本気(共感),07:00,"【画像文字案】
空気のような存在。
なくてはならないけど
ときめきはない。

【本文】
「安心感と退屈は紙一重。今の関係に満足していますか？」

（改行）

一緒にいるのが当たり前すぎて、感謝の言葉もない。
ドキドキなんて、もう何年もしていない。
「家族愛」はあるけど、「恋愛感情」はどこへ行ったの？

このまま平穏に過ぎていくのも幸せかもしれない。
でも、心のどこかで「情熱」を求めている自分がいる。

私の実体験はプロフの固定投稿へ。
#マンネリ #家族愛 #夫婦の形 #問題"
32,2,軽め(挨拶),08:00,"おはようございます。
いつもと違う道を通ってみる。
そんな小さな冒険が、脳を刺激します。
今日も無理せずいきましょう。"
32,3,軽め(問),10:00,"【質問】
パートナーの「好きなところ」を即答できますか？

1. 3つ以上言える
2. 1つくらいなら
3. 思いつかない

正直に教えてください🙋‍♀️"
32,4,本気(解決),12:00,"【画像文字案】
「非日常」を
演出する。
家の中でデートしよう。

【本文】
マンネリ打破に、お金も時間もいりません。
いつもの夕食を、キャンドルの明かりで食べてみる。
子供が寝た後に、二人で映画鑑賞会をする。

「設定」を変えるだけで、いつものリビングがデートスポットに変わります。
「ごっこ遊び」を楽しむ余裕を持ちましょう。

（改行）

「お金をかけずにマンネリ解消！おうちデートのススメ」
具体的な方法はNoteで公開中。
#マンネリ #おうちデート #解決策"
32,5,軽め(共感),15:00,"夫の服を選ぶのが面倒で「なんでもいいんじゃない？」と言ってしまう。
昔は「これ似合う！」って選ぶの楽しかったのに。
関心が薄れてるのかな。
これ、あるあるですよね。
共感したら「いいね'お願いします。"
32,6,軽め(一言),17:00,"夕方のこの時間。
今日の夕飯、夫の好物にしてみようかな。
たまにはサービス精神。
小さな変化が大事です。"
32,7,本気(誘導),20:00,"【画像文字案】
諦めないで。
ときめきは
作れる。

【本文】
刺激がない毎日に飽きているあなたへ。

待っていても王子様は来ません。
あなたが演出家になって、日常という舞台を彩りましょう。
夫を巻き込んで、楽しんだもん勝ちです。

（改行）

「お金をかけずにマンネリ解消！おうちデートのススメ」
解決のための「3つのステップ」をNoteにまとめました。
▼記事はプロフのリンクから
#夜専用レス手前の会話レシピ"
32,8,軽め(夜),21:00,"夜のリビング。
昔の写真を見返して、二人で笑った。
「若かったね」って。
あの頃の気持ち、少し思い出した。
同じ気持ちの人、いますか？"
32,9,軽め(夜),22:00,"今日もお疲れ様でした。
変わらない毎日の中に、小さな幸せは隠れています。
見つけてあげてね。
おやすみなさい。"
32,10,軽め(〆),23:00,"明日は今日より少しだけ、心が軽くなりますように。
新鮮な風が、二人の間に吹きますように。
プロフの固定投稿もぜひ。
おやすみなさい。"
33,1,本気(共感),07:00,"【画像文字案】
休日は寝てばかり。
「どこか行こう」
その一言が言えない。

【本文】
「せっかくの休日、夫の寝顔を見てイライラしていませんか？」

（改行）

平日は仕事で遅いから仕方ない。
わかってる。頭ではわかってる。
でも、私だって疲れてる。
私だって休みたい。

家族サービスなんて高望みしない。
ただ、起きて一緒にご飯を食べる。
それだけのことが、どうしてこんなに難しいの？

私の実体験はプロフの固定投稿へ。
#ワンオペ #休日 #夫婦のすれ違い #問題"
33,2,軽め(挨拶),08:00,"おはようございます。
期待するから腹が立つ。
今日は「自分一人で楽しむ日」と決めて、好きなことをしよう。
今日も無理せずいきましょう。"
33,3,軽め(問),10:00,"【質問】
休日の夫の過ごし方に点数をつけるなら？

1. 80点以上
2. 50点くらい
3. 赤点

正直に教えてください🙋‍♀️"
33,4,本気(解決),12:00,"【画像文字案】
男の休息は「停止」。
女の休息は「転換」。
脳の作りが違うだけ。

【本文】
夫が動かないのは、あなたを軽視しているからではありません。
男性脳は、疲れるとスイッチを完全にオフにする傾向があります。

一方、女性は買い物やカフェなど「気分転換」で回復する。
この違いを理解するだけで、「なんで寝てばかり！」という怒りが少し鎮まります。
別々の回復方法を認め合いましょう。

（改行）

「休日に寝てばかりの夫にイライラしなくなる、思考の転換法」
具体的な方法はNoteで公開中。
#脳科学 #夫婦のトリセツ #解決策"
33,5,軽め(共感),15:00,"掃除機かけても起きない夫。
わざと足にぶつけてやろうかと思う。
起きてもスマホゲーム。
ここはホテルじゃないぞ！
これ、あるあるですよね。
共感したら「いいね'お願いします。"
33,6,軽め(一言),17:00,"夕方のこの時間。
ようやく起きてきた夫に「おはよう」と嫌味っぽく言ってしまう。
素直になれない自分が嫌だ。
小さな変化が大事です。"
33,7,本気(誘導),20:00,"【画像文字案】
諦めないで。
それぞれのペースで
歩けばいい。

【本文】
休日の過ごし方で喧嘩してしまうあなたへ。

無理に合わせようとするから疲れるんです。
午前中は別行動、午後から合流。
そんな「ハーフ＆ハーフ'な休日も素敵ですよ。
お互いの自由を尊重しましょう。

（改行）

「休日に寝てばかりの夫にイライラしなくなる、思考の転換法」
解決のための「3つのステップ」をNoteにまとめました。
▼記事はプロフのリンクから
#夜専用レス手前の会話レシピ"
33,8,軽め(夜),21:00,"夜のリビング。
夫が「これ美味いな」と夕飯を食べている。
その一言で、昼間のイライラが少し溶けた。
単純だなぁ、私。
同じ気持ちの人、いますか？"
33,9,軽め(夜),22:00,"今日もお疲れ様でした。
許すことは、自分を解放すること。
今日はもう忘れて寝ましょう。
おやすみなさい。"
33,10,軽め(〆),23:00,"明日は今日より少しだけ、心が軽くなりますように。
穏やかな朝が、迎えられますように。
プロフの固定投稿もぜひ。
おやすみなさい。"
34,1,本気(共感),07:00,"【画像文字案】
老後のお金。
親の介護。
話し合いたいけど、逃げられる。

【本文】
「大事なことから目を背けていませんか？時間は待ってくれません。」

（改行）

「なんとかなるよ」
夫のその楽観的な言葉に、余計に不安になる。
なんとかならなかったら、どうするの？

真剣に話そうとすると「疲れてるからまた今度」。
その「今度」はいつ来るの？
問題が起きてからじゃ遅いのに。

私の実体験はプロフの固定投稿へ。
#将来不安 #お金の問題 #夫婦の会話 #問題"
34,2,軽め(挨拶),08:00,"おはようございます。
不安を紙に書き出してみる。
可視化すると、意外と対策が見えてきます。
今日も無理せずいきましょう。"
34,3,軽め(問),10:00,"【質問】
夫婦で「老後の資金」について具体的に話していますか？

1. バッチリ話してる
2. なんとなく
3. 全く話してない

正直に教えてください🙋‍♀️"
34,4,本気(解決),12:00,"【画像文字案】
「相談」ではなく
「報告」から始める。
ハードルを下げて共有。

【本文】
重い話題は、改まって話そうとすると相手も身構えます。
日常会話に混ぜ込むのがコツ。

「この前、こんな記事読んだんだけど」
「友達がNISA始めたんだって」
第三者の話題として出すと、客観的に話しやすくなります。
まずは「意識の共有」から。

（改行）

「夫が逃げる『お金と将来』の話を、スムーズに切り出すテクニック」
具体的な方法はNoteで公開中。
#将来設計 #マネー会議 #解決策"
34,5,軽め(共感),15:00,"通帳を見るたびにため息。
夫は趣味のゴルフ道具を買ってる。
この温度差、どうにかして。
これ、あるあるですよね。
共感したら「いいね'お願いします。"
34,6,軽め(一言),17:00,"夕方のこの時間。
スーパーで値引きシールを探す私。
これも家族のため。
小さな変化が大事です。"
34,7,本気(誘導),20:00,"【画像文字案】
諦めないで。
二人の船は
同じ方向へ進める。

【本文】
将来のビジョンが合わないと悩むあなたへ。

今は霧の中で見えないだけ。
少しずつ光を当てていけば、同じ目的地が見えてきます。
焦らず、一つずつ確認していきましょう。
あなたは一人じゃありません。

（改行）

「夫が逃げる『お金と将来』の話を、スムーズに切り出すテクニック」
解決のための「3つのステップ」をNoteにまとめました。
▼記事はプロフのリンクから
#夜専用レス手前の会話レシピ"
34,8,軽め(夜),21:00,"夜のリビング。
「これからのこと、少し考えようか」
夫から言ってくれた。
雨降って地固まる、かな。
同じ気持ちの人、いますか？"
34,9,軽め(夜),22:00,"今日もお疲れ様でした。
備えあれば憂いなし。
今日の一歩は、未来の安心。
おやすみなさい。"
34,10,軽め(〆),23:00,"明日は今日より少しだけ、心が軽くなりますように。
安心な未来が、描けますように。
プロフの固定投稿もぜひ。
おやすみなさい。"
35,1,本気(共感),07:00,"【画像文字案】
「それ、いくらしたの？」
買い物のたびに
尋問されるストレス。

【本文】
「自分のお金で買ったのに、罪悪感を感じていませんか？」

（改行）

「また服買ったの？」
「無駄遣いじゃない？」
夫のチェックが厳しい。

家計を守るためなのはわかる。
でも、私にだって楽しみは必要。
息が詰まる。
信頼されていないみたいで悲しい。

私の実体験はプロフの固定投稿へ。
#金銭感覚 #モラハラ予備軍 #夫婦の財布 #問題"
35,2,軽め(挨拶),08:00,"おはようございます。
たまには「内緒のスイーツ」。
心の栄養費は、必要経費です。
今日も無理せずいきましょう。"
35,3,軽め(問),10:00,"【質問】
パートナーに内緒で買った高いものはありますか？

1. ある（バレてない）
2. ある（バレた）
3. ない

正直に教えてください🙋‍♀️"
35,4,本気(解決),12:00,"【画像文字案】
「お小遣い制」より
「枠管理」。
自由と責任をセットに。

【本文】
お金の喧嘩は、使い道への不満から生まれます。
「何に使ったか」ではなく「いくらまで使っていいか」を決めましょう。

その枠内なら、何に使っても文句は言わない。
お互いの聖域（サンクチュアリ）を作ることで、精神的な自由が手に入ります。

（改行）

「金銭感覚の違いで喧嘩しない！夫婦の平和を守る『枠管理』術」
具体的な方法はNoteで公開中。
#家計管理 #夫婦のルール #解決策"
35,5,軽め(共感),15:00,"夫の飲み代は「付き合いだから仕方ない」。
私のランチは「贅沢」。
その理屈、おかしくない？
これ、あるあるですよね。
共感したら「いいね'お願いします。"
35,6,軽め(一言),17:00,"夕方のこの時間。
レシートを財布から出す。
家計簿つけるのが憂鬱。
小さな変化が大事です。"
35,7,本気(誘導),20:00,"【画像文字案】
諦めないで。
価値観は違って
当たり前。

【本文】
お金のことでギスギスしてしまうあなたへ。

育った環境が違うのだから、金銭感覚が違うのは当然です。
「違う'ことを前提に、どう折り合いをつけるか。
否定せず、交渉しましょう。
対等なパートナーとして。

（改行）

「金銭感覚の違いで喧嘩しない！夫婦の平和を守る『枠管理』術」
解決のための「3つのステップ」をNoteにまとめました。
▼記事はプロフのリンクから
#夜専用レス手前の会話レシピ"
35,8,軽め(夜),21:00,"夜のリビング。
「今月は少し余裕あるね」
その言葉で、肩の力が抜けた。
平和が一番。
同じ気持ちの人、いますか？"
35,9,軽め(夜),22:00,"今日もお疲れ様でした。
お金は使うためにある。
幸せのために使いましょう。
おやすみなさい。"
35,10,軽め(〆),23:00,"明日は今日より少しだけ、心が軽くなりますように。
豊かな心が、幸せを呼び込みますように。
プロフの固定投稿もぜひ。
おやすみなさい。"
36,1,本気(共感),07:00,"【画像文字案】
夫の定年後。
毎日家にいる未来。
息が詰まりそうで怖い。

【本文】
「『濡れ落ち葉』なんて言葉、笑えないですよね？」

（改行）

今は仕事に行ってくれるから、私の時間がある。
でも、定年したら？
朝から晩まで「飯はまだか」と言われる生活。

私の自由はどこへ行くの？
夫の世話をするために生きているわけじゃないのに。
逃げ場がない気がして、動悸がする。

私の実体験はプロフの固定投稿へ。
#定年後 #熟年離婚 #夫源病 #問題"
36,2,軽め(挨拶),08:00,"おはようございます。
一人の時間は死守しましょう。
「この時間は私の聖域」と宣言する勇気を。
今日も無理せずいきましょう。"
36,3,軽め(問),10:00,"【質問】
夫が毎日家にいる生活、想像できますか？

1. 楽しみ
2. なんとかなる
3. 地獄

正直に教えてください🙋‍♀️"
36,4,本気(解決),12:00,"【画像文字案】
「個室」より
「個の時間」。
精神的な距離を確保する。

【本文】
物理的な部屋がなくても、心の距離は作れます。
「午前中は別行動」
「火曜日は習い事」
ルールを決めて、お互いに干渉しない時間を作る。

「冷たい」のではなく「自立」です。
依存し合わない関係こそが、長続きの秘訣。

（改行）

「定年後の夫にイライラしない！『精神的別居』のススメ」
具体的な方法はNoteで公開中。
#定年後 #夫婦の距離感 #解決策"
36,5,軽め(共感),15:00,"夫が家にいると、掃除機かけるのも気を使う。
「うるさいな」って顔されると、こっちがイラッとする。
私の家事なのに！
これ、あるあるですよね。
共感したら「いいね」お願いします。"
36,6,軽め(一言),17:00,"夕方のこの時間。
夫の趣味を見つけてあげたい。
外に出てくれれば、平和が訪れる。
小さな変化が大事です。"
36,7,本気(誘導),20:00,"【画像文字案】
諦めないで。
自立した二人は
最強のパートナー。

【本文】
夫の存在が重荷に感じるあなたへ。

夫も不安なんです。仕事というアイデンティティを失うことが。
だから、あなたに依存してしまう。
背中を押してあげましょう。「外の世界も楽しいよ」って。
それがあなたの自由にも繋がります。

（改行）

「定年後の夫にイライラしない！『精神的別居』のススメ」
解決のための「3つのステップ」をNoteにまとめました。
▼記事はプロフのリンクから
#夜専用レス手前の会話レシピ"
36,8,軽め(夜),21:00,"夜のリビング。
夫が「料理教室行ってみようかな」と呟いた。
全力で応援した。
その調子！
同じ気持ちの人、いますか？"
36,9,軽め(夜),22:00,"今日もお疲れ様でした。
適度な距離は、愛を育てます。
近すぎず、遠すぎず。
おやすみなさい。"
36,10,軽め(〆),23:00,"明日は今日より少しだけ、心が軽くなりますように。
それぞれの時間が、輝きますように。
プロフの固定投稿もぜひ。
おやすみなさい。"
37,1,本気(共感),07:00,"【画像文字案】
「ありがとう」の代わりに
「余計なことするな」。
その一言が、心を刺す。

【本文】
「良かれと思ってやったのに、否定されて傷ついていませんか？」

（改行）

夫のために片付けたのに。
夫のために料理したのに。
返ってくるのは文句ばかり。

「ありがとう」の一言があれば、それだけで報われるのに。
私の優しさは、どこへ消えてしまうんだろう。
もう、何もしない方がいいのかな。

私の実体験はプロフの固定投稿へ。
#モラハラ予備軍 #言葉の暴力 #夫婦関係 #問題"
37,2,軽め(挨拶),08:00,"おはようございます。
相手の不機嫌は、相手の問題。
あなたの価値とは関係ありません。
受け取らなくていいんです。
今日も無理せずいきましょう。"
37,3,軽め(問),10:00,"【質問】
パートナーから「ごめん」と素直に言われますか？

1. 言われる
2. 言い訳ばかり
3. 逆ギレされる

正直に教えてください🙋‍♀️"
37,4,本気(解決),12:00,"【画像文字案】
「ありがとう」は
先に言ったもん勝ち。
返報性の法則を使う。

【本文】
感謝されないと嘆く前に、自分から感謝の種をまきましょう。
どんな小さなことでもいい。
「ゴミ捨ててくれてありがとう」
「働いてくれてありがとう」

言葉は鏡です。
あなたが投げた言葉が、いつか返ってきます。
意地を張らずに、まずは自分から。

（改行）

「素直になれない夫が変わる！『感謝の先出し』テクニック」
具体的な方法はNoteで公開中。
#夫婦円満 #感謝 #解決策"
37,5,軽め(共感),15:00,"夫の脱ぎっぱなしの靴下。
拾いながら「ありがとう」なんて言えるか！
でも、心の中で「お疲れ」って思うくらいならできるかな。
これ、あるあるですよね。
共感したら「いいね」お願いします。"
37,6,軽め(一言),17:00,"夕方のこの時間。
夫の好きなビールを買う。
「ありがとう」って言わせるための作戦。
小さな変化が大事です。"
37,7,本気(誘導),20:00,"【画像文字案】
諦めないで。
氷は必ず
溶ける日が来る。

【本文】
夫の言葉が冷たいと悩むあなたへ。

その冷たさは、甘えの裏返しもしれません。
「何を言っても許される」と思っている。
でも、あなたが温かい言葉を投げ続ければ、氷は少しずつ溶けていきます。
北風と太陽の話のように。

（改行）

「素直になれない夫が変わる！『感謝の先出し』テクニック」
解決のための「3つのステップ」をNoteにまとめました。
▼記事はプロフのリンクから
#夜専用レス手前の会話レシピ"
37,8,軽め(夜),21:00,"夜のリビング。
「お茶、ありがとう」
ボソッと言われた。
聞こえてるよ、その小さな声。
同じ気持ちの人、いますか？"
37,9,軽め(夜),22:00,"今日もお疲れ様でした。
言葉一つで、世界は変わる。
優しい言葉を、お守りに。
おやすみなさい。"
37,10,軽め(〆),23:00,"明日は今日より少しだけ、心が軽くなりますように。
温かい言葉が、飛び交いますように。
プロフの固定投稿もぜひ。
おやすみなさい。"
38,1,本気(共感),07:00,"【画像文字案】
ドラマの中の夫婦は
あんなに愛し合ってるのに。
現実は背中合わせ。

【本文】
「テレビの中の幸せな夫婦を見て、胸がチクリとしませんか？」

（改行）

キスシーンでチャンネルを変える夫。
それを見て見ぬふりをする私。
私たちには、あんな情熱はもうないの？

「現実はこんなもん」と自分を納得させるけど。
本当は、ドラマのヒロインみたいに愛されたい。
その願いは、もう叶わないのかな。

私の実体験はプロフの固定投稿へ。
#レス #理想と現実 #夫婦関係 #問題"
38,2,軽め(挨拶),08:00,"おはようございます。
比較は不幸の始まり。
よその芝生は青く見えるだけ。
うちにはうちの良さがある。
今日も無理せずいきましょう。"
38,3,軽め(問),10:00,"【質問】
パートナーとハグすることはありますか？

1. 毎日
2. たまに
3. 年単位でない

正直に教えてください🙋‍♀️"
38,4,本気(解決),12:00,"【画像文字案】
セックスだけが
愛じゃない。
「触れ合い」の定義を広げる。

【本文】
レスに悩むと、どうしても「行為」の有無に執着してしまいます。
でも、愛の形はそれだけじゃありません。

膝枕で耳かきをする。
マッサージをし合う。
ただ寄り添ってテレビを見る。
それも立派なスキンシップ。
ハードルを下げて、温もりを感じることから。

（改行）

「行為がなくても愛は伝わる。夫婦の絆を深める『ノンセクシャル・スキンシップ』」
具体的な方法はNoteで公開中。
#レス #スキンシップ #解決策"
38,5,軽め(共感),15:00,"夫の腕に触れたら、ビクッとされた。
静電気かよ！ってツッコミたかったけど、傷ついた。
慣れてないだけだよね...。
これ、あるあるですよね。
共感したら「いいね」お願いします。"
38,6,軽め(一言),17:00,"夕方のこの時間。
夫の好きな入浴剤を買ってみる。
「背中流そうか？」は言えないけど。
小さな変化が大事です。"
38,7,本気(誘導),20:00,"【画像文字案】
諦めないで。
温もりは
言葉以上に心を溶かす。

【本文】
触れ合うことが怖いあなたへ。

言葉で伝えられない想いも、手なら伝えられます。
「お疲れ様」と肩に手を置く。
その5秒の温もりが、夫の鎧を溶かすかもしれません。
勇気を出して、触れてみて。

（改行）

「行為がなくても愛は伝わる。夫婦の絆を深める『ノンセクシャル・スキンシップ』」
解決のための「3つのステップ」をNoteにまとめました。
▼記事はプロフのリンクから
#夜専用レス手前の会話レシピ"
38,8,軽め(夜),21:00,"夜のリビング。
ソファでうたた寝する夫に毛布をかけた。
少しだけ髪に触れた。
起きなかったけど、満足。
同じ気持ちの人、いますか？"
38,9,軽め(夜),22:00,"今日もお疲れ様でした。
愛の形は一つじゃない。
あなたたちだけの形を見つけて。
おやすみなさい。"
38,10,軽め(〆),23:00,"明日は今日より少しだけ、心が軽くなりますように。
優しい温もりに、包まれますように。
プロフの固定投稿もぜひ。
おやすみなさい。"
39,1,本気(共感),07:00,"【画像文字案】
「またその話？」
夫の武勇伝は
もう聞き飽きた。

【本文】
「会話がループしていませんか？新しい話題がないのは、成長が止まっている証拠かも。」

（改行）

昔の自慢話。会社の愚痴。
いつも同じ内容。
相槌を打つのも疲れる。

「へー、すごいね」と棒読みで返す私。
心の中では「その話、100回聞いたわ」と思ってる。
新鮮さのかけらもない。

私の実体験はプロフの固定投稿へ。
#マンネリ #会話がつまらない #夫婦関係 #問題"
39,2,軽め(挨拶),08:00,"おはようございます。
新しい風を入れるのは自分から。
今日は新しい本を一冊読んでみよう。
話題の種になります。
今日も無理せずいきましょう。"
39,3,軽め(問),10:00,"【質問】
最近、夫婦で「新しいこと」に挑戦しましたか？

1. した
2. してない
3. そもそも会話がない

正直に教えてください🙋‍♀️"
39,4,本気(解決),12:00,"【画像文字案】
「二人で学ぶ」
それが最強の
マンネリ解消法。

【本文】
共通の話題がないなら、作ればいいんです。
一緒に料理教室に通う。
一緒に資格の勉強をする。
一緒にゲームを始める。

「生徒」という同じ立場になることで、対等な会話が生まれます。
「教え合う」のではなく「共に学ぶ」。
それが新鮮さを取り戻す鍵です。

（改行）

「会話が弾む！夫婦で始めたい『大人の習い事』3選」
具体的な方法はNoteで公開中。
#マンネリ #共通の趣味 #解決策"
39,5,軽め(共感),15:00,"夫が急に「キャンプ行こう」と言い出した。
道具揃えるの大変そう...と思ったけど、目が輝いてた。
乗っかってみようかな。
これ、あるあるですよね。
共感したら「いいね」お願いします。"
39,6,軽め(一言),17:00,"夕方のこの時間。
YouTubeでキャンプ動画を検索。
意外と楽しそうかも。
小さな変化が大事です。"
39,7,本気(誘導),20:00,"【画像文字案】
諦めないで。
成長する二人は
飽きない。

【本文】
夫との会話がつまらないと感じるあなたへ。

相手がつまらないのではなく、二人の関係が停滞しているだけ。
あなたが新しい世界に飛び込めば、夫も興味を持つかもしれません。
まずはあなたが楽しそうにすること。
それが一番の引力です。

（改行）

「会話が弾む！夫婦で始めたい『大人の習い事』3選」
解決のための「3つのステップ」をNoteにまとめました。
▼記事はプロフのリンクから
#夜専用レス手前の会話レシピ"
39,8,軽め(夜),21:00,"夜のリビング。
「これ面白そうじゃない？」と動画を見せた。
夫が食いついた。
久しぶりに会話が弾んだ。
同じ気持ちの人、いますか？"
39,9,軽め(夜),22:00,"今日もお疲れ様でした。
好奇心は若さの秘訣。
明日も新しい発見がありますように。
おやすみなさい。"
39,10,軽め(〆),23:00,"明日は今日より少しだけ、心が軽くなりますように。
ワクワクする未来が、待っていますように。
プロフの固定投稿もぜひ。
おやすみなさい。"
40,1,本気(共感),07:00,"【画像文字案】
私が熱を出しても
「俺の飯は？」
絶望する瞬間。

【本文】
「体調不良の時こそ、本性が見えますよね？」

（改行）

フラフラで寝込んでいるのに。
心配するどころか、自分の世話を要求する夫。
「大丈夫？」の一言もない。

この人は、私が倒れても気づかないんじゃないか。
ただの家政婦としか思ってないんじゃないか。
熱より、心が寒い。

私の実体験はプロフの固定投稿へ。
#体調不良 #モラハラ #夫婦の危機 #問題"
40,2,軽め(挨拶),08:00,"おはようございます。
自分の体は自分で守る。
今日は堂々とデリバリーを頼みましょう。
罪悪感なんていりません。
今日も無理せずいきましょう。"
40,3,軽め(問),10:00,"【質問】
体調不良の時、パートナーは優しくしてくれますか？

1. 神対応
2. 普通
3. むしろ不機嫌になる

正直に教えてください🙋‍♀️"
40,4,本気(解決),12:00,"【画像文字案】
弱さは見せていい。
「助けて」と言える
強さを持つ。

【本文】
夫が冷たいのは、あなたが「大丈夫」と言いすぎているからかもしれません。
「察して」は通用しません。

「辛いからお粥買ってきて」
「洗濯お願い」
具体的に指示を出しましょう。
男性はタスクを与えられれば動けます。
甘える練習だと思って。

（改行）

「体調不良の妻に冷たい夫を、神旦那に変える『具体的指示出し』術」
具体的な方法はNoteで公開中。
#夫の教育 #頼り方 #解決策"
40,5,軽め(共感),15:00,"熱があるのに洗濯物を干す私。
夫はリビングでテレビ。
「手伝おうか？」待ちしてる自分が惨め。
言わなきゃわからない生き物なんだよね...。
これ、あるあるですよね。
共感したら「いいね」お願いします。"
40,6,軽め(一言),17:00,"夕方のこの時間。
「今日は無理！」とLINEした。
「何か買って帰る」と返信。
言えば伝わるんだ。
小さな変化が大事です。"
40,7,本気(誘導),20:00,"【画像文字案】
諦めないで。
支え合うために
夫婦になったはず。

【本文】
夫の優しさが感じられないあなたへ。

彼は看病の仕方を知らないだけかもしれません。
子供に教えるように、優しく伝えてみて。
「ありがとう、助かった」
その一言で、彼は「頼られる喜び」を知ります。
育てていきましょう。

（改行）

「体調不良の妻に冷たい夫を、神旦那に変える『具体的指示出し』術」
解決のための「3つのステップ」をNoteにまとめました。
▼記事はプロフのリンクから
#夜専用レス手前の会話レシピ"
40,8,軽め(夜),21:00,"夜のリビング。
夫が買ってきたプリン。
「これ好きだろ？」って。
不器用な優しさに、少し泣けた。
同じ気持ちの人、いますか？"
40,9,軽め(夜),22:00,"今日もお疲れ様でした。
健康第一。
ゆっくり休んで、また明日笑いましょう。
おやすみなさい。"
40,10,軽め(〆),23:00,"明日は今日より少しだけ、心が軽くなりますように。
元気な笑顔が、戻りますように。
プロフの固定投稿もぜひ。
おやすみなさい。"
41,1,本気(共感),07:00,"【画像文字案】
健康診断の結果。
「要再検査」の文字。
誰に相談すればいい？

【本文】
「自分の体に不安を感じた時、一番に顔が浮かぶのは誰ですか？」

（改行）

夫に言ったら「大げさだな」って笑われるかな。
それとも「金かかるな」って嫌な顔されるかな。
そんな想像をしてしまう自分が悲しい。

本当は「大丈夫だよ」って抱きしめてほしいだけなのに。
弱音を吐ける場所がない。

私の実体験はプロフの固定投稿へ。
#健康不安 #孤独 #夫婦の絆 #問題"
41,2,軽め(挨拶),08:00,"おはようございます。
不安な時は、深呼吸。
体は心の鏡です。
まずは自分を労ってあげましょう。
今日も無理せずいきましょう。"
41,3,軽め(問),10:00,"【質問】
パートナーの健康状態を把握していますか？

1. 把握してる
2. なんとなく
3. 全く知らない

正直に教えてください🙋‍♀️"
41,4,本気(解決),12:00,"【画像文字案】
健康は二人の資産。
「検診デート」で
未来を守る。

【本文】
健康の話題は暗くなりがちですが、イベント化してしまいましょう。
「人間ドックの後に美味しいランチ」
これなら楽しみになります。

お互いの体を気遣うことは、愛の基本形。
「長生きしてね」の一言は、どんな愛の言葉より響きます。

（改行）

「夫婦で健康を守る！年に一度の『検診デート』のすすめ」
具体的な方法はNoteで公開中。
#健康管理 #夫婦の約束 #解決策"
41,5,軽め(共感),15:00,"夫のお腹が出てきた。
「痩せなよ」って言うと喧嘩になる。
心配してるだけなのに、伝わらない。
言い方って難しい。
これ、あるあるですよね。
共感したら「いいね」お願いします。"
41,6,軽め(一言),17:00,"夕方のこの時間。
野菜多めのメニューを考える。
無言の愛、伝われ。
小さな変化が大事です。"
41,7,本気(誘導),20:00,"【画像文字案】
諦めないで。
一緒に歳を重ねる
幸せがある。

【本文】
将来の健康が不安なあなたへ。

「二人で元気でいたい」
その想いを素直に伝えてみましょう。
「あなたがいないと困るの」
その言葉は、夫の健康意識を変える最強のスイッチです。

（改行）

「夫婦で健康を守る！年に一度の『検診デート』のすすめ」
解決のための「3つのステップ」をNoteにまとめました。
▼記事はプロフのリンクから
#夜専用レス手前の会話レシピ"
41,8,軽め(夜),21:00,"夜のリビング。
「お互い気をつけないとな」
夫がポツリと言った。
その一言で、不安が半分になった。
同じ気持ちの人、いますか？"
41,9,軽め(夜),22:00,"今日もお疲れ様でした。
体は資本。
良い睡眠が、明日への活力。
おやすみなさい。"
41,10,軽め(〆),23:00,"明日は今日より少しだけ、心が軽くなりますように。
健やかな日々が、続きますように。
プロフの固定投稿もぜひ。
おやすみなさい。"
42,1,本気(共感),07:00,"【画像文字案】
教育費か、老後資金か。
答えのない選択。
一人で抱えるのは重すぎる。

【本文】
「子供の未来と自分たちの未来、どちらを優先しますか？」

（改行）

塾代、学費、習い事。
湯水のようにお金が出ていく。
「なんとかなる」と言う夫。
通帳を見て青ざめる私。

このままじゃ破綻する。
でも、子供の可能性は潰したくない。
板挟みで、夜も眠れない。

私の実体験はプロフの固定投稿へ。
#教育費 #老後資金 #家計の悩み #問題"
42,2,軽め(挨拶),08:00,"おはようございます。
お金の不安は、情報の不足から。
今日はFPさんのブログでも読んでみようかな。
知識は武器です。
今日も無理せずいきましょう。"
42,3,軽め(問),10:00,"【質問】
子供の教育費、どこまで出す予定ですか？

1. 大学まで全部
2. 奨学金併用
3. 高校まで

正直に教えてください🙋‍♀️"
42,4,本気(解決),12:00,"【画像文字案】
「投資」の視点を持つ。
教育も、思い出も
未来への種まき。

【本文】
お金を使うことに罪悪感を持たないで。
それは「消費」ではなく「投資」です。

家族旅行で得た経験は、子供の心を豊かにする。
夫婦で美味しいものを食べた記憶は、老後の会話になる。
「何にお金を使うか」は「どう生きるか」と同じです。

（改行）

「教育費貧乏にならない！賢い夫婦のお金の使い分け術」
具体的な方法はNoteで公開中。
#マネーリテラシー #生き金 #解決策"
42,5,軽め(共感),15:00,"ママ友の「夏休みハワイ行くの」マウント。
うちは近所の市民プールですけど何か？
比べちゃダメってわかってるけど、モヤる。
これ、あるあるですよね。
共感したら「いいね」お願いします。"
42,6,軽め(一言),17:00,"夕方のこの時間。
もやし料理のレパートリーが増えていく。
節約もゲームだと思えば楽しい...かな？
小さな変化が大事です。"
42,7,本気(誘導),20:00,"【画像文字案】
諦めないで。
お金より大切なもの。
それは「納得感」。

【本文】
お金の使い道で迷うあなたへ。

正解はありません。
夫婦で話し合って「これでいい」と決めたなら、それが正解です。
一番の無駄遣いは、使った後に後悔すること。
胸を張って使いましょう。

（改行）

「教育費貧乏にならない！賢い夫婦のお金の使い分け術」
解決のための「3つのステップ」をNoteにまとめました。
▼記事はプロフのリンクから
#夜専用レス手前の会話レシピ"
42,8,軽め(夜),21:00,"夜のリビング。
電卓叩いてたら、夫がコーヒー淹れてくれた。
「いつもありがとう」って。
プライスレスな瞬間。
同じ気持ちの人、いますか？"
42,9,軽め(夜),22:00,"今日もお疲れ様でした。
お金は巡るもの。
きっとまた入ってきます。
おやすみなさい。"
42,10,軽め(〆),23:00,"明日は今日より少しだけ、心が軽くなりますように。
豊かな心が、一番の財産。
プロフの固定投稿もぜひ。
おやすみなさい。"
43,1,本気(共感),07:00,"【画像文字案】
カチ、コチ、カチ、コチ。
時計の音だけが
響くリビング。
私は透明人間？

【本文】
「ねえ、昨日のドラマ見た？」

（改行）

勇気を出して話しかけたのに。
夫はスマホから目を離さず「んー」と唸るだけ。
視線さえ合わない。

私の声は、壁に吸い込まれて消えていく。
同じ部屋にいるのに、何光年も離れているみたい。
この沈黙が、私の心を少しずつ殺していく。

私の実体験はプロフの固定投稿へ。
#会話なし #仮面夫婦 #孤独 #問題"
43,2,軽め(挨拶),08:00,"おはようございます。
今朝も夫の背中に「行ってらっしゃい」。
返事はない。ドアが閉まる音だけ。
でも、私は私のために挨拶をする。
人としての誇りを失わないために。
今日も無理せずいきましょう。"
43,3,軽め(問),10:00,"【質問】
パートナーと最後に「目を見て」話したのはいつですか？

1. 今朝（ラブラブ）
2. 数日前（業務連絡）
3. 思い出せない（深刻）

その時の情景を思い出しながら教えてください🙋‍♀️"
43,4,本気(解決),12:00,"【画像文字案】
昔は朝まで
語り明かしたのに。
あの頃の二人は
どこへ行ったの？

【本文】
カフェでコーヒーを飲みながら、ふと思い出す。
付き合いたての頃、ファミレスで何時間も話し込んだこと。
「将来はこんな家に住みたいね」って。

あの時のキラキラした瞳は、もう見られないの？
沈黙を破る鍵は、過去の記憶にあるのかもしれない。
「ねえ、あの店覚えてる？」
今日はそう切り出してみようかな。

（改行）

「『会話がない』は危険信号！夫婦の沈黙を破る『魔法の質問』」
具体的な方法はNoteで公開中。
#夫婦の会話 #コミュニケーション #解決策"
43,5,軽め(共感),15:00,"リビングで夫がテレビを見て笑った。
私には見せない笑顔。
その笑い声が、胸に突き刺さる。
「私とは楽しくないんだ」
そう突きつけられた気がして、台所に逃げ込んだ。
共感したら「いいね」お願いします。"
43,6,軽め(一言),17:00,"夕暮れ時、スーパーの帰り道。
手をつないで歩く老夫婦を見かけた。
「今日は寒いね」なんて言い合って。
あんな風になりたかったな。
買い物袋が少し重く感じる。"
43,7,本気(誘導),20:00,"【画像文字案】
「察して」は
もうやめる。
言葉という
橋をかける。

【本文】
夫の沈黙に耐えられず、つい大きな音でドアを閉める。
「不機嫌」で気づかせようとする悪循環。

でも、言葉にしなきゃ伝わらない。
「返事がないと寂しいな」
震える声でもいい。
私の感情を、私の言葉で伝えよう。
そこからしか、何も始まらないから。

（改行）

「『会話がない』は危険信号！夫婦の沈黙を破る『魔法の質問』」
解決のための「3つのステップ」をNoteにまとめました。
▼記事はプロフのリンクから
#夜専用レス手前の会話レシピ"
43,8,軽め(夜),21:00,"夜のリビング。
夫にお茶を出してみた。
「ありがとう」とは言われなかったけど、
少しだけ空気が緩んだ気がする。
湯気の向こうに、微かな希望を見た。
同じ気持ちの人、いますか？"
43,9,軽め(夜),22:00,"今日もお疲れ様でした。
隣で寝息を立てる夫。
寝顔だけは、昔と変わらない。
明日は少しだけ、優しくなれるかな。
おやすみなさい。"
43,10,軽め(〆),23:00,"明日は今日より少しだけ、心が軽くなりますように。
あなたの声が、誰かの心に届きますように。
プロフの固定投稿もぜひ。
おやすみなさい。"
44,1,本気(共感),07:00,"【画像文字案】
脱ぎっぱなしの靴下。
開けっ放しのドア。
私の小言が
BGMになる。

【本文】
「また電気つけっぱなし！」

（改行）

朝から私の怒鳴り声が響く。
夫は「うるさいな」と耳を塞ぐ。
言いたくて言ってるわけじゃない。
何度言っても直らないから、声が大きくなる。

私はお母さんじゃない。
妻として見てほしいのに、家政婦か監視員みたい。
こんな自分が一番嫌い。

私の実体験はプロフの固定投稿へ。
#小言 #イライラ #夫の世話 #問題"
44,2,軽め(挨拶),08:00,"おはようございます。
洗面所の鏡に映る自分。
眉間にシワが寄ってる。
深呼吸して、指でシワを伸ばす。
今日は「怒らない」を目標にしよう。
今日も無理せずいきましょう。"
44,3,軽め(問),10:00,"【質問】
パートナーへの注意、どう伝えてますか？

1. 優しく指摘（仏の心）
2. 嫌味っぽく（察して）
3. 爆発する（鬼の形相）

正直な今のスタイルを教えてください🙋‍♀️"
44,4,本気(解決),12:00,"【画像文字案】
「なんで？」を
「どうしたら？」に。
言葉の変換ゲーム。

【本文】
「なんで片付けないの！」
責めれば責めるほど、夫は心を閉ざして逃げていく。
北風と太陽の話みたいに。

「どうしたら片付けやすい？」
「ここにあると掃除機かけにくいんだ」
主語を「私」に変えて、困っている事実だけを伝える。
言葉選び一つで、未来は変わるかもしれない。

（改行）

「『小言おばさん』になりたくない！夫が自ら動く『伝え方』の技術」
具体的な方法はNoteで公開中。
#言い方 #アサーション #解決策"
44,5,軽め(共感),15:00,"夫の脱ぎ捨てたパジャマ。
拾い上げると、生温かい。
「またか」とため息をつくけど、
洗濯機に入れる手が止まらない。
結局やってあげちゃう私がいる。
共感したら「いいね」お願いします。"
44,6,軽め(一言),17:00,"夕方のチャイムが鳴る。
子供たちが公園から帰る時間。
「おかえり」って笑顔で言いたい。
夫にも、子供と同じように。
夕焼けが少し目に染みる。"
44,7,本気(誘導),20:00,"【画像文字案】
完璧じゃなくていい。
散らかった部屋より
笑顔の食卓。

【本文】
部屋が汚いことにイライラして、
家族との時間を台無しにしていませんか？

靴下が落ちていても、死ぬわけじゃない。
今日は目をつぶって、夫の好きなビールを買ってみた。
「お、気が利くな」
久しぶりに見た夫の笑顔。
片付いた部屋より、こっちの方がずっといい。

（改行）

「『小言おばさん』になりたくない！夫が自ら動く『伝え方』の技術」
解決のための「3つのステップ」をNoteにまとめました。
▼記事はプロフのリンクから
#夜専用レス手前の会話レシピ"
44,8,軽め(夜),21:00,"夜のリビング。
夫が珍しくコップを下げた。
「偉いじゃん」って言ったら
「子供扱いすんな」って照れてた。
少しだけ、距離が縮まった夜。
同じ気持ちの人、いますか？"
44,9,軽め(夜),22:00,"今日もお疲れ様でした。
言葉は刃物にも、薬にもなる。
明日は優しい言葉を選べますように。
おやすみなさい。"
44,10,軽め(〆),23:00,"明日は今日より少しだけ、心が軽くなりますように。
穏やかな眠りが、訪れますように。
プロフの固定投稿もぜひ。
おやすみなさい。"
45,1,本気(共感),07:00,"【画像文字案】
「手伝おうか？」
その一言が
地雷を踏む。
ここは誰の家？

【本文】
休日の朝。
山積みの洗濯物を畳む私の横で、夫はスマホゲーム。
「俺、今日休みだから」

（改行）

私に休みはないの？
見かねて「手伝おうか？」と言ってきた。
お客様気分なのが許せない。
「手伝う」じゃなくて「やる」のが当たり前でしょ。
喉まで出かかった言葉を飲み込んで、睨みつけた。

私の実体験はプロフの固定投稿へ。
#ワンオペ家事 #名もなき家事 #不公平 #問題"
45,2,軽め(挨拶),08:00,"おはようございます。
キッチンのシンクに昨夜の洗い物。
夫が飲んだコップが一つ。
水につけておいてくれるだけでいいのに。
カピカピの汚れを擦りながら、心も擦り減る。
今日も無理せずいきましょう。"
45,3,軽め(問),10:00,"【質問】
パートナーの家事レベル、点数つけるなら？

1. 80点以上（戦力）
2. 30点（足手まとい）
3. 0点（論外）

辛口採点で教えてください🙋‍♀️"
45,4,本気(解決),12:00,"【画像文字案】
見えない家事を
見える化する。
私の苦労を知って。

【本文】
トイレットペーパーの補充、洗剤の詰め替え、ゴミの分別。
「名もなき家事」の存在を、夫は知らない。
魔法のように家が片付いていると思っている。

リストに書き出してみた。
「こんなにあるの？」と驚く夫。
責めるより、事実を見せる。
共有することで、初めて「チーム」になれる。

（改行）

「『手伝う』禁止！夫を『家事シェアのパートナー』に変える魔法のリスト」
具体的な方法はNoteで公開中。
#家事分担 #共働き #解決策"
45,5,軽め(共感),15:00,"夫が皿洗いをしてくれた。
でも、床は水浸し、洗剤は出しっ放し。
「やったぞ」感満載の顔。
後始末をする私の手間、増えてますけど。
「ありがとう」と言うのが精一杯。
共感したら「いいね」お願いします。"
45,6,軽め(一言),17:00,"スーパーで半額のお惣菜をカゴに入れる。
「今日は手抜きでいいや」
自分に許可を出す。
完璧な妻なんて、ドラマの中だけでいい。
少し肩の荷が下りた。"
45,7,本気(誘導),20:00,"【画像文字案】
ありがとう。
助かったよ。
褒めて伸ばす
育成ゲーム。

【本文】
夫の家事にイライラしてしまうあなたへ。

最初は誰でも初心者です。
60点の出来でも、まずは感謝を。
「あなたがやってくれて助かった」
その一言が、夫のやる気スイッチを押す。
長い目で見れば、それが一番の近道。
賢い妻は、夫を手のひらで転がす。

（改行）

「『手伝う』禁止！夫を『家事シェアのパートナー』に変える魔法のリスト」
解決のための「3つのステップ」をNoteにまとめました。
▼記事はプロフのリンクから
#夜専用レス手前の会話レシピ"
45,8,軽め(夜),21:00,"夜のリビング。
夫がゴミ出しの準備をしてる。
分別間違ってるけど、今は黙っておこう。
背中を見ながら、心の中でガッツポーズ。
同じ気持ちの人、いますか？"
45,9,軽め(夜),22:00,"今日もお疲れ様でした。
家事は終わりのないマラソン。
たまには給水所で休もう。
おやすみなさい。"
45,10,軽め(〆),23:00,"明日は今日より少しだけ、心が軽くなりますように。
あなたの頑張りが、報われますように。
プロフの固定投稿もぜひ。
おやすみなさい。"
46,1,本気(共感),07:00,"【画像文字案】
「飯まだ？」
その言葉が
私を追い詰める。
私はロボットじゃない。

【本文】
熱を出して寝込んでいる私。
心配して覗きに来た夫の一言。
「俺の飯、どうすんの？」

（改行）

耳を疑った。
「大丈夫？」の一言もないの？
冷蔵庫にあるもので済ませてよ。
コンビニだってあるじゃない。

高熱でぼんやりする頭で、絶望だけがくっきりと浮かぶ。
この人は、私が死んでも「飯」の心配をするんだろうか。

私の実体験はプロフの固定投稿へ。
#体調不良 #夫の無神経 #モラハラ予備軍 #問題"
46,2,軽め(挨拶),08:00,"おはようございます。
重い体を起こしてキッチンへ。
夫は新聞を読みながらコーヒーを待っている。
「自分のことは自分でやって」
喉まで出かかった言葉を、熱いコーヒーと一緒に飲み込む。
今日も無理せずいきましょう。"
46,3,軽め(問),10:00,"【質問】
体調不良の時、パートナーは頼りになりますか？

1. 神対応（看病してくれる）
2. 役立たず（オロオロするだけ）
3. 敵（家事を要求してくる）

正直な実態を教えてください🙋‍♀️"
46,4,本気(解決),12:00,"【画像文字案】
自分の機嫌は
自分で取る。
期待するから
腹が立つ。

【本文】
「察してほしい」は甘えだと気づいた。
夫はエスパーじゃない。
言わなきゃわからない生き物なんだ。

「熱があるから、今日は何もしません」
「夕飯は買ってきて」
宣言することにした。
罪悪感なんて持たなくていい。
私が倒れたら、困るのは夫なんだから。

（改行）

「『俺の飯は？』と言わせない！体調不良時に夫を動かす『宣言』の力」
具体的な方法はNoteで公開中。
#夫婦のルール #自己主張 #解決策"
46,5,軽め(共感),15:00,"薬を飲んで横になっていたら、
夫がドタバタと帰ってきた。
「腹減ったー」
大きな独り言。
聞こえないふりをして布団を被る。
私の心は、もうここにはない。
共感したら「いいね」お願いします。"
46,6,軽め(一言),17:00,"窓の外は雨。
私の心模様みたい。
「ママ、大丈夫？」
子供の小さな手が、おでこに触れる。
その温かさだけが、今の私の救い。
涙がこぼれそう。"
46,7,本気(誘導),20:00,"【画像文字案】
休む勇気。
頼る練習。
強い妻を
卒業する。

【本文】
「私がやらなきゃ」と頑張りすぎていませんか？
あなたが無理をすればするほど、夫は何もしなくなります。

弱さを見せることは、負けじゃない。
「辛いから助けて」
素直に言えた時、夫も変わるかもしれない。
まずは自分を大切にすることから始めよう。

（改行）

「『俺の飯は？』と言わせない！体調不良時に夫を動かす『宣言』の力」
解決のための「3つのステップ」をNoteにまとめました。
▼記事はプロフのリンクから
#夜専用レス手前の会話レシピ"
46,8,軽め(夜),21:00,"夜のリビング。
夫がコンビニ弁当を買ってきた。
「お前の分もあるよ」
ぶっきらぼうな優しさ。
「ありがとう」って言ったら、少し照れてた。
これくらいでいい。今は。
同じ気持ちの人、いますか？"
46,9,軽め(夜),22:00,"今日もお疲れ様でした。
健康な体があってこそ。
明日は少しでも良くなりますように。
おやすみなさい。"
46,10,軽め(〆),23:00,"明日は今日より少しだけ、心が軽くなりますように。
優しい朝日で、目覚められますように。
プロフの固定投稿もぜひ。
おやすみなさい。"
47,1,本気(共感),07:00,"【画像文字案】
名前のない家事。
終わらない雑用。
私は家族の
便利屋さん？

【本文】
「シャンプーないよ」
「麦茶作ってないの？」

（改行）

無くなったら補充する。
無くなる前に気づく。
それがどれだけ大変か、夫は知らない。
魔法で湧いてくると思ってる。

「気づいた人がやればいい」と言うけれど、
気づくのはいつも私。
やるのはいつも私。
この不公平感、どこにぶつければいいの？

私の実体験はプロフの固定投稿へ。
#名もなき家事 #見えない負担 #主婦の叫び #問題"
47,2,軽め(挨拶),08:00,"おはようございます。
ゴミ袋を縛りながら思う。
新しい袋をセットするのは誰？
私だ。
小さなイライラが塵のように積もっていく。
爆発する前に吐き出そう。
今日も無理せずいきましょう。"
47,3,軽め(問),10:00,"【質問】
地味にストレスな「名もなき家事」No.1は？

1. 裏返しの靴下直し
2. 排水溝の掃除
3. 調味料の詰め替え

あなたのイライラポイント教えてください🙋‍♀️"
47,4,本気(解決),12:00,"【画像文字案】
「当たり前」を
「ありがとう」に。
視点を変える
魔法の言葉。

【本文】
家事はやって当たり前。
誰も褒めてくれないし、給料も出ない。
だから虚しくなる。

でも、家族が快適に過ごせるのは私のおかげ。
「私、すごくない？」
自分で自分を褒めてあげる。
そして、夫にも小さなことを頼んでみる。
「蓋閉めてくれてありがとう」
大袈裟に感謝して、巻き込んでいく作戦。

（改行）

「『私ばっかり！』から卒業。名もなき家事を夫とシェアする『可視化』テクニック」
具体的な方法はNoteで公開中。
#家事ストレス #自己肯定感 #解決策"
47,5,軽め(共感),15:00,"トイレットペーパーの芯が転がってる。
ゴミ箱はすぐそこなのに。
夫の動線にはゴミ箱が見えないらしい。
拾い上げながら、虚しさが込み上げる。
私の人生、芯を拾うためにあるのかな。
共感したら「いいね」お願いします。"
47,6,軽め(一言),17:00,"夕方のスーパー。
「今日の夕飯何？」のLINE。
献立を考えるのが一番の重労働だと、
あなたは知らない。
「何でもいい」が一番困るのよ。
ため息をついて、カートを押す。"
47,7,本気(誘導),20:00,"【画像文字案】
完璧主義を
手放そう。
死ななきゃ
それでいい。

【本文】
名もなき家事に追われて疲れているあなたへ。

今日はもう、何もしない日にしませんか？
麦茶がなくても、水道水を飲めばいい。
シャンプーが切れたら、石鹸で洗えばいい。
困らせてみれば、夫も気づくはず。
「ママがいないと回らない」という事実に。

（改行）

「『私ばっかり！』から卒業。名もなき家事を夫とシェアする『可視化』テクニック」
解決のための「3つのステップ」をNoteにまとめました。
▼記事はプロフのリンクから
#夜専用レス手前の会話レシピ"
47,8,軽め(夜),21:00,"夜のリビング。
夫が麦茶のポットを洗ってる！
奇跡？
「お茶飲みたかったから」だって。
自分のためなら動くんだ。
まあ、一歩前進としよう。
同じ気持ちの人、いますか？"
47,9,軽め(夜),22:00,"今日もお疲れ様でした。
誰も見てなくても、私は知ってる。
あなたが家族を守ってること。
おやすみなさい。"
47,10,軽め(〆),23:00,"明日は今日より少しだけ、心が軽くなりますように。
あなたの苦労が、報われますように。
プロフの固定投稿もぜひ。
おやすみなさい。"
48,1,本気(共感),07:00,"【画像文字案】
夜中の静寂。
隣の寝息。
もし明日、
一人が目覚めたら。

【本文】
「ふと、独りぼっちになる恐怖に襲われることはありませんか？」

（改行）

夫のいびきがうるさいと文句を言った夜。
ふと目が覚めて、静かだと怖くなる。
息をしてるか確認して、安堵する。

今は元気だけど、いつ何があるかわからない。
夫がいなくなったら、私は生きていけるの？
経済的にも、精神的にも。
依存している自分が怖い。

私の実体験はプロフの固定投稿へ。
#死別 #老後の不安 #依存 #問題"
48,2,軽め(挨拶),08:00,"おはようございます。
朝のコーヒーの香り。
当たり前の日常が、急に愛おしくなる。
「行ってきます」の声が聞ける幸せ。
失ってから気づきたくない。
今日も無理せずいきましょう。"
48,3,軽め(問),10:00,"【質問】
もしもの時のための「遺言」や「エンディングノート」準備してますか？

1. 準備済み（バッチリ）
2. 考え中（何から？）
3. まだ早い（縁起でもない）

正直に教えてください🙋‍♀️"
48,4,本気(解決),12:00,"【画像文字案】
「終活」は
「今を生きる」活動。
不安を安心に変える。

【本文】
死について考えるのは怖いことではありません。
むしろ、残された時間をどう生きるかを考えるポジティブな行為です。

エンディングノートを二人で書いてみる。
お互いの希望を知ることで、今の絆も深まります。
「愛してる」を形に残す作業です。
今日、少しだけ話してみませんか？

（改行）

「夫婦で始める前向きな終活。エンディングノートが深める夫婦の絆」
具体的な方法はNoteで公開中。
#終活 #エンディングノート #解決策"
48,5,軽め(共感),15:00,"夫の保険証券、どこにあるか知らない。
聞くと「俺が死ぬのを待ってるのか」って怒られそう。
でも大事なことだよね。
勇気を出して聞いてみようかな。
タイミングが難しい。
共感したら「いいね」お願いします。"
48,6,軽め(一言),17:00,"夕暮れの空が綺麗で、泣きたくなった。
この景色を、あと何回二人で見られるだろう。
センチメンタルな秋の夕暮れ。
早く帰って、美味しいご飯を作ろう。"
48,7,本気(誘導),20:00,"【画像文字案】
後悔しないように。
今、伝えよう。
「ありがとう」を。

【本文】
漠然とした不安に押しつぶされそうなあなたへ。

不安を消す唯一の方法は、行動することです。
保険を見直す、貯金を確認する。
そして、夫に感謝を伝える。
「あなたがいてくれてよかった」
その言葉が、二人のお守りになります。

（改行）

「夫婦で始める前向きな終活。エンディングノートが深める夫婦の絆」
解決のための「3つのステップ」をNoteにまとめました。
▼記事はプロフのリンクから
#夜専用レス手前の会話レシピ"
48,8,軽め(夜),21:00,"夜のリビング。
「もし俺が死んだら」と夫が話し出した。
茶化さずに聞いた。
真剣な横顔を見て、この人を守りたいと思った。
逆もまた然り、かな。
同じ気持ちの人、いますか？"
48,9,軽め(夜),22:00,"今日もお疲れ様でした。
不安な夜は、温かい飲み物を。
心まで温まりますように。
おやすみなさい。"
48,10,軽め(〆),23:00,"明日は今日より少しだけ、心が軽くなりますように。
あなたの優しさが,正しく伝わりますように。
プロフの固定投稿もぜひ。
おやすみなさい。"
49,1,本気(共感),07:00,"【画像文字案】
プレゼント交換。
夫からは実用品。
私からは思い出。
噛み合わない価値観。

【本文】
「これ、最新式なんだぞ」
誕生日に渡されたのは、高機能な掃除機。
得意げな夫の顔を見て、私の笑顔は凍りついた。

私が欲しかったのは、家事を効率化する「道具」じゃない。
私を一人の女性として見てくれる「証」や「ときめき」が欲しかった。

「ありがとう」
口では言えたけど、心は泣いていた。
この人は、私を『家事をする機能』としか見ていないの？

愛がないわけじゃないことはわかってる。
でも、この決定的な「ズレ」が、私の心を少しずつ削っていく。

私の実体験はプロフの固定投稿へ。
#プレゼント #価値観の違い #夫婦のすれ違い #問題"
49,2,軽め(挨拶),08:00,"おはようございます。
新しい掃除機がリビングに鎮座してる。
見るたびにモヤっとする。
「便利だろ？」って聞かないで。
便利だけど、そうじゃないのよ。
男と女の脳みそは、違う星の生き物みたい。
今日も無理せずいきましょう。"
49,3,軽め(問),10:00,"【質問】
パートナーからのプレゼント、正直嬉しいですか？

1. 嬉しい（センスいい！）
2. 微妙（メルカリ行き？）
3. もらえない（忘れられてる）

過去の衝撃エピソードもあれば教えてください🙋‍♀️"
49,4,本気(解決),12:00,"【画像文字案】
「モノ」より
「コト」を贈る。
記憶に残るプレゼント。

【本文】
物が溢れる時代、本当に欲しいのは「感動」です。
今年の記念日は、物を贈り合うのをやめてみませんか？

二人で旅行に行く。
高級レストランで食事をする。
「一緒に過ごした時間」は、色褪せない宝物になります。
断捨離世代の新しい常識。
「掃除機より、温泉に行きたかったな」
可愛く伝えてみよう。

（改行）

「脱・プレゼント迷子！夫婦の記念日を最高にする『体験ギフト』の選び方」
具体的な方法はNoteで公開中。
#記念日 #体験ギフト #解決策"
49,5,軽め(共感),15:00,"夫の誕生日にネクタイあげたら「派手だな」って言われた。
一生懸命選んだのに。
鏡の前で合わせもしないで。
もう現金でいいかな。
封筒に入れて渡してやろうか。
共感したら「いいね」お願いします。"
49,6,軽め(一言),17:00,"夕方のこの時間。
ケーキ屋さんの前を通る。
「自分へのご褒美」にショートケーキを買う。
夫には内緒。
この甘さが、私の機嫌を直してくれる。"
49,7,本気(誘導),20:00,"【画像文字案】
諦めないで。
違いを楽しむ
余裕を持とう。

【本文】
プレゼント選びで疲れてしまうあなたへ。

相手のセンスを変えるのは至難の業。
なら、ルールを変えましょう。
「欲しいものを一緒に買いに行く」
これなら外れなし、デートもできて一石二鳥。
合理的に愛を育みましょう。
サプライズなんてなくていい。
確実な幸せを手に入れよう。

（改行）

「脱・プレゼント迷子！夫婦の記念日を最高にする『体験ギフト』の選び方」
解決のための「3つのステップ」をNoteにまとめました。
▼記事はプロフのリンクから
#夜専用レス手前の会話レシピ"
49,8,軽め(夜),21:00,"夜のリビング。
「次は温泉行きたいな」と夫に言ってみた。
「いいな」って。
掃除機のことは忘れて、旅行の計画を立てた。
未来の話ができるなら、まあいいか。
同じ気持ちの人、いますか？"
49,9,軽め(夜),22:00,"今日もお疲れ様でした。
贈り物は、相手を想う時間そのもの。
その気持ちだけで十分。
そう思える私になりたい。
おやすみなさい。"
49,10,軽め(〆),23:00,"明日は今日より少しだけ、心が軽くなりますように。
素敵なサプライズが、ありますように。
プロフの固定投稿もぜひ。
おやすみなさい。"
50,1,本気(共感),07:00,"【画像文字案】
節約の鬼。
浪費の神。
家計簿は戦場。
未来が見えない。

【本文】
「また無駄遣いして！」
レシートを見た夫が声を荒げる。
たった数百円のコンビニスイーツなのに。

私は将来のために貯金したい。
夫は今を楽しむために使いたい。
...逆ならまだいい。
夫は自分の趣味には湯水のようにお金を使う。

「俺が稼いだ金だ」
その言葉が一番傷つく。
私は家政婦じゃない。パートナーでしょ？
お金の切れ目が縁の切れ目になりそうで怖い。

私の実体験はプロフの固定投稿へ。
#家計管理 #浪費癖 #金銭感覚 #問題"
50,2,軽め(挨拶),08:00,"おはようございます。
財布の中身を確認する。
今月もピンチ。
夫の飲み会一回分で、食費が一週間賄えるのに。
不公平な世の中。
でも、朝ごはんはしっかり食べよう。
今日も無理せずいきましょう。"
50,3,軽め(問),10:00,"【質問】
パートナーの金銭感覚、合ってますか？

1. バッチリ（似た者同士）
2. ギリギリ（許容範囲）
3. 無理（ストレスMAX）

正直に教えてください🙋‍♀️"
50,4,本気(解決),12:00,"【画像文字案】
「お小遣い制」
だけが正解じゃない。
二人に合う管理法。

【本文】
家計管理で喧嘩ばかりしていませんか？
一方的な管理は、不満の温床です。

「共通口座」と「自由費」を分ける。
お互いの聖域を守りつつ、責任を共有する。
「ハイブリッド管理」が、夫婦円満の秘訣です。
お金のストレスから解放されましょう。
透明性が信頼を生むから。

（改行）

「お金の喧嘩ゼロへ！夫婦で始める『ストレスフリー家計管理術』」
具体的な方法はNoteで公開中。
#家計簿 #貯金 #解決策"
50,5,軽め(共感),15:00,"夫の趣味のゴルフ代。
私の美容院代より高い。
「付き合いだから」ってズルくない？
私の美容院は「贅沢」で、ゴルフは「必要経費」？
納得いかない。
共感したら「いいね」お願いします。"
50,6,軽め(一言),17:00,"夕方のスーパー。
半額シールが貼られるのを待つ私。
カゴの中身を見つめてため息。
惨めな気持ちになる時がある。
でも、これが家族を守る戦いなんだ。"
50,7,本気(誘導),20:00,"【画像文字案】
未来を語ろう。
お金は手段。
目的は二人の幸せ。

【本文】
お金の話をすると、つい感情的になってしまうあなたへ。

数字を責めるのではなく、夢を語りましょう。
「ハワイに行きたいね」
「そのために月〇万貯めよう」
共通の目標があれば、節約も楽しみに変わります。
敵は夫じゃなくて、将来の不安。
チーム戦で乗り越えましょう。

（改行）

「お金の喧嘩ゼロへ！夫婦で始める『ストレスフリー家計管理術』」
解決のための「3つのステップ」をNoteにまとめました。
▼記事はプロフのリンクから
#夜専用レス手前の会話レシピ"
50,8,軽め(夜),21:00,"夜のリビング。
家計簿アプリを夫と共有してみた。
「意外と食費かかってるな」って。
やっと当事者意識持ってくれた？
数字は嘘をつかない。
同じ気持ちの人、いますか？"
50,9,軽め(夜),22:00,"今日もお疲れ様でした。
お金は大事。でも愛も大事。
バランスとって、明日も頑張ろう。
おやすみなさい。"
50,10,軽め(〆),23:00,"明日は今日より少しだけ,心が軽くなりますように。
豊かな気持ちで、眠れますように。
プロフの固定投稿もぜひ。
おやすみなさい。"
51,1,本気(共感),07:00,"【画像文字案】
教育費の壁。
私立か公立か。
子供の未来。
親の覚悟。

【本文】
「公立で十分だろ」
夫はテレビを見ながら軽く言う。

私は中学受験させたい。
子供も「行きたい」と言っている。
でも夫は「俺は公立だった」という経験則だけで反対する。
時代が違うのよ。

子供の可能性を広げたいだけなのに。
お金がないと、夢も見られないの？
親としての責任、重すぎる。
夫の無関心が、一番の壁。

私の実体験はプロフの固定投稿へ。
#教育費 #中学受験 #子育ての悩み #問題"
51,2,軽め(挨拶),08:00,"おはようございます。
子供のランドセル姿を見送る。
この子の未来のために、何ができるだろう。
パート増やそうかな。
母は強し、でも時々泣きたくなる。
今日も無理せずいきましょう。"
51,3,軽め(問),10:00,"【質問】
子供の教育費、不安ですか？

1. 超不安（足りるか心配）
2. なんとかなる（楽観的）
3. 準備万端（余裕）

正直に教えてください🙋‍♀️"
51,4,本気(解決),12:00,"【画像文字案】
「学歴」より
「生きる力」を。
投資の視点を変える。

【本文】
教育費のために、今の生活を犠牲にしていませんか？
親が疲弊していては、子供も幸せになれません。

お金をかけずに「体験」を増やす。
「考える力」を育てる会話をする。
家庭でできる最高の教育があります。
お金の呪縛から解き放たれましょう。
大切なのは、どこの学校に行くかより、どう生きるか。

（改行）

「教育費貧乏にならない！賢い親が選ぶ『コスパ最強の家庭教育』」
具体的な方法はNoteで公開中。
#教育 #子育て #解決策"
51,5,軽め(共感),15:00,"塾代の請求書見てため息。
夫は「高いなー」の一言だけ。
誰のために働いてると思ってるの？
もっと関心持ってよ。
「高い」じゃなくて「頑張ろう」って言ってよ。
共感したら「いいね」お願いします。"
51,6,軽め(一言),17:00,"夕方のこの時間。
子供が「ただいま」と帰ってくる。
泥だらけの靴。
元気ならそれでいいか。
成績表は見なかったことにしよう。
笑顔が一番の宝物。"
51,7,本気(誘導),20:00,"【画像文字案】
信じよう。
子供の力。
親の背中。

【本文】
教育方針で夫と揉めてしまうあなたへ。

正解なんてありません。
大切なのは、夫婦で話し合う姿勢を見せること。
「パパとママは、あなたのことを一番に考えてるよ」
そのメッセージが伝われば、子供は強く育ちます。
愛を注ぎましょう。
子供は親の背中を見て育つから。

（改行）

「教育費貧乏にならない！賢い親が選ぶ『コスパ最強の家庭教育』」
解決のための「3つのステップ」をNoteにまとめました。
▼記事はプロフのリンクから
#夜専用レス手前の会話レシピ"
51,8,軽め(夜),21:00,"夜のリビング。
子供の将来について夫と語り合った。
「あいつ、意外としっかりしてるよな」
親バカ全開で笑い合った。
敵だと思ってたけど、同じ親なんだな。
同じ気持ちの人、いますか？"
51,9,軽め(夜),22:00,"今日もお疲れ様でした。
子供は親の鏡。
笑顔でいることが最高の教育。
おやすみなさい。"
51,10,軽め(〆),23:00,"明日は今日より少しだけ、心が軽くなりますように。
子供の寝顔に、癒されますように。
プロフの固定投稿もぜひ。
おやすみなさい。"
52,1,本気(共感),07:00,"【画像文字案】
老後の不安。
年金だけじゃ無理。
投資は怖い。
動けない二人。

【本文】
「老後2000万円問題、どうする？」
テレビのニュースを見て呟いた私。
夫は「なんとかなるだろ」と鼻で笑う。

私はNISA始めたい。
夫は「元本割れが怖い」と反対。
「銀行に預けておけば安心」という昭和の神話。
インフレで目減りする現実が見えてない。

このままじゃ、定年後に路頭に迷う。
危機感のなさにイライラする。
誰か背中を押して。

私の実体験はプロフの固定投稿へ。
#老後資金 #NISA #投資初心者 #問題"
52,2,軽め(挨拶),08:00,"おはようございます。
通帳の記帳に行ってきた。
利息、数円。
ATMの手数料の方が高いじゃん。
ため息が出る。
お金に働いてもらわないと、私が倒れちゃう。
今日も無理せずいきましょう。"
52,3,軽め(問),10:00,"【質問】
老後の資金準備、始めてますか？

1. バッチリ（投資中）
2. これから（勉強中）
3. 全然（諦めモード）

正直に教えてください🙋‍♀️"
52,4,本気(解決),12:00,"【画像文字案】
「守り」ながら
「増やす」。
堅実な資産形成。

【本文】
投資アレルギーのパートナーを説得するのは大変です。
無理強いは逆効果。

まずは「少額」から「ポイント投資」で試してみる。
「増えたらラッキー」くらいの感覚で。
成功体験を共有すれば、意識は変わります。
二人三脚で資産を守りましょう。
まずは100円から、未来への種まき。

（改行）

「投資嫌いの夫も納得！夫婦で始める『失敗しない老後資金作り』」
具体的な方法はNoteで公開中。
#資産運用 #新NISA #解決策"
52,5,軽め(共感),15:00,"夫に「iDeCoやろうよ」って言ったら
「面倒くさい」って一蹴された。
手続きするのは私なのに。
将来の自分を助けることなのに。
面倒くさいで人生棒に振る気？
共感したら「いいね」お願いします。"
52,6,軽め(一言),17:00,"夕方のこの時間。
老夫婦が仲良く散歩してるのを見た。
私たちもあんな風になれるかな。
お金の心配ばかりして、眉間にシワ寄せてちゃダメだね。
少し口角を上げてみる。"
52,7,本気(誘導),20:00,"【画像文字案】
長く生きる。
長く愛する。
備えあれば憂いなし。

【本文】
将来のお金が不安で眠れないあなたへ。

不安の正体は「知らないこと」。
FPに相談する、本を読む。
知識をつければ、恐怖は消えます。
「二人でどんな老後を過ごしたいか」
ワクワクする未来を描くことから始めましょう。
不安を希望に変えるのは、行動だけ。

（改行）

「投資嫌いの夫も納得！夫婦で始める『失敗しない老後資金作り』」
解決のための「3つのステップ」をNoteにまとめました。
▼記事はプロフのリンクから
#夜専用レス手前の会話レシピ"
52,8,軽め(夜),21:00,"夜のリビング。
「定年したら世界一周したいね」と夫。
「じゃあ貯金しなきゃね」と私。
夢があれば頑張れる気がした。
電卓叩く音が、少し軽やかに響く。
同じ気持ちの人、いますか？"
52,9,軽め(夜),22:00,"今日もお疲れ様でした。
お金は自由への切符。
でも目的地は愛する人と一緒がいい。
おやすみなさい。"
52,10,軽め(〆),23:00,"明日は今日より少しだけ、心が軽くなりますように。
安心な未来を、夢見られますように。
プロフの固定投稿もぜひ。
おやすみなさい。"
53,1,本気(共感),07:00,"【画像文字案】
キャリアの分岐点。
昇進か現状維持か。
家庭か仕事か。
選べない私。

【本文】
「管理職にならないか？」
上司からの打診。嬉しかった。
認められた気がした。

でも、夫に相談したら顔が曇った。
「家のこと疎かにならない？」
応援してほしかったのに。
「俺の飯は？」「子供の迎えは？」
言葉にはしないけど、そう言われた気がした。

私の人生は、家族の犠牲の上に成り立ってるの？
輝きたい。でも壊したくない。
板挟みの心が叫んでる。

私の実体験はプロフの固定投稿へ。
#キャリア #共働き #女性管理職 #問題"
53,2,軽め(挨拶),08:00,"おはようございます。
満員電車に揺られながら考える。
私は何のために働いてるんだろう。
生活のため？自分のため？
窓に映る疲れた顔。
でも、負けたくない。
今日も無理せずいきましょう。"
53,3,軽め(問),10:00,"【質問】
仕事と家庭、両立できてますか？

1. 完璧（スーパーウーマン）
2. ギリギリ（綱渡り状態）
3. 崩壊寸前（助けて...）

正直に教えてください🙋‍♀️"
53,4,本気(解決),12:00,"【画像文字案】
「完璧」を捨てる。
「頼る」勇気を持つ。
新しいリーダー像。

【本文】
仕事も家庭も100点は無理です。
全部自分で抱え込まないで。

家事は外注する、夫を巻き込む。
「できない」と言うのは恥じゃない。
周りを頼ることで、チームは強くなります。
しなやかに働き続けましょう。
あなたが笑顔でいることが、家族の一番の幸せだから。

（改行）

「仕事も家庭も諦めない！共働き妻のための『罪悪感ゼロのキャリア術』」
具体的な方法はNoteで公開中。
#ワーママ #キャリアアップ #解決策"
53,5,軽め(共感),15:00,"昇進の話、断ろうかな。
夫の不機嫌な顔が浮かぶ。
子供の「寂しい」って声が聞こえる。
私さえ我慢すれば丸く収まる？
...いや、それじゃ私が消えちゃう。
共感したら「いいね」お願いします。"
53,6,軽め(一言),17:00,"夕方のこの時間。
保育園のお迎えダッシュ。
ヒールで走る私、偉い。
誰も褒めてくれないから自分で褒める。
「よくやってるよ、私」
夕焼けが応援してくれてる気がする。"
53,7,本気(誘導),20:00,"【画像文字案】
挑戦しよう。
背中を見せよう。
輝くママが好き。

【本文】
キャリアと家庭の狭間で揺れるあなたへ。

あなたが生き生きと働く姿は、
子供にとって最高のロールモデルです。
「ママ、かっこいい」
その一言のために、胸を張って進みましょう。
家族はあなたの足枷じゃない。応援団です。
信じて飛び込んでみて。

（改行）

「仕事も家庭も諦めない！共働き妻のための『罪悪感ゼロのキャリア術』」
解決のための「3つのステップ」をNoteにまとめました。
▼記事はプロフのリンクから
#夜専用レス手前の会話レシピ"
53,8,軽め(夜),21:00,"夜のリビング。
「ママが社長になったらすごいね」と息子。
夫も苦笑いしながら「頑張れよ」。
味方はここにいた。
涙が出そうになった。
同じ気持ちの人、いますか？"
53,9,軽め(夜),22:00,"今日もお疲れ様でした。
働く手は美しい。
家族を想う心はもっと美しい。
おやすみなさい。"
53,10,軽め(〆),23:00,"明日は今日より少しだけ、心が軽くなりますように。
自信を持って、歩き出せますように。
プロフの固定投稿もぜひ。
おやすみなさい。"
54,1,本気(共感),07:00,"【画像文字案】
転勤の辞令。
ついていくか。
単身赴任か。
家族の岐路。

【本文】
「来月から地方に行ってくれ」
夫が重い口を開いた。

私の仕事はどうなるの？
やっと慣れてきたのに。
「ついてきてほしい」と言う夫。
「キャリアを捨てろってこと？」と反発する私。
子供の学校、家のローン、親の介護。

問題が山積みで動けない。
家族一緒にいたいけど、自分も大切。
正解のない選択に震える。

私の実体験はプロフの固定投稿へ。
#転勤族の妻 #単身赴任 #家族のあり方 #問題"
54,2,軽め(挨拶),08:00,"おはようございます。
引っ越しの段ボールを見るだけで気が滅入る。
私の人生、段ボールに詰め込まれて運ばれていく。
定住したい。根を張りたい。
でも、家族は一緒がいいのかな。
今日も無理せずいきましょう。"
54,3,軽め(問),10:00,"【質問】
パートナーの転勤、ついていきますか？

1. ついていく（家族一緒が一番）
2. 単身赴任（現状維持）
3. 別居婚（新しい形）

正直に教えてください🙋‍♀️"
54,4,本気(解決),12:00,"【画像文字案】
「距離」は
「愛」を試す。
新しい絆の形。

【本文】
転勤はピンチではなく、チャンスかもしれません。
単身赴任で「週末婚」を楽しむ夫婦もいます。
帯同して「新しい土地」で再出発する人もいます。

大切なのは「二人で決める」こと。
どちらかが我慢するのではなく、納得解を探す。
離れていても、心は繋がっていられます。
物理的な距離より、心の距離が大事。

（改行）

「転勤辞令でパニック！家族がバラバラにならないための『決断の技術』」
具体的な方法はNoteで公開中。
#転勤 #別居婚 #解決策"
54,5,軽め(共感),15:00,"「俺の世話誰がするんだ」って夫。
家政婦じゃないんですけど。
自分のことは自分でやってよ。
単身赴任で自立してほしい。
いい機会かもしれない。
共感したら「いいね」お願いします。"
54,6,軽め(一言),17:00,"夕方のこの時間。
住み慣れた街を歩く。
この景色ともお別れかな。
寂しいけど、新しい街も悪くないかも。
少しだけ前向きになれた。"
54,7,本気(誘導),20:00,"【画像文字案】
どこへ行っても
私たちは私たち。
最強のチーム。

【本文】
転勤の不安に押しつぶされそうなあなたへ。

場所が変われば、新しい出会いがあります。
見たことのない景色が待っています。
家族の絆を深める冒険だと思ってみませんか？
「なんとかなる」
その言葉が、魔法になります。
住めば都、って言うしね。

（改行）

「転勤辞令でパニック！家族がバラバラにならないための『決断の技術』」
解決のための「3つのステップ」をNoteにまとめました。
▼記事はプロフのリンクから
#夜専用レス手前の会話レシピ"
54,8,軽め(夜),21:00,"夜のリビング。
「週末は帰ってくるから」と夫。
少し寂しいけど、自由時間も増えるかも？
ポジティブに捉えてみた。
たまには離れるのも新鮮かもね。
同じ気持ちの人、いますか？"
54,9,軽め(夜),22:00,"今日もお疲れ様でした。
帰る場所がある幸せ。
待っている人がいる幸せ。
おやすみなさい。"
54,10,軽め(〆),23:00,"明日は今日より少しだけ、心が軽くなりますように。
新しい扉が、開きますように。
プロフの固定投稿もぜひ。
おやすみなさい。"
55,1,本気(共感),07:00,"【画像文字案】
親の介護。
突然の呼び出し。
私の時間は？
夫は無関心。

【本文】
「お義母さんが倒れた」
電話を受けた夫は、私を見て言った。
「頼むな」

（改行）

病院への送迎、食事の世話、手続き。
全部私がやるの？
夫は「仕事が忙しい」と逃げる。
実の親でしょ？

私の親の時は手伝ってくれなかったのに。
不公平すぎて涙が出る。
優しくなれない自分が嫌になる。
介護要員として結婚したわけじゃない。

私の実体験はプロフの固定投稿へ。
#介護問題 #嫁の務め #夫婦の危機 #問題"
55,2,軽め(挨拶),08:00,"おはようございます。
病院へ向かうバスの中。
窓の外は晴れてるのに、私の心は土砂降り。
「なんで私ばっかり」
その言葉が頭をグルグル回る。
深呼吸して、イヤホンで好きな曲を聴く。
今日も無理せずいきましょう。"
55,3,軽め(問),10:00,"【質問】
義実家の介護、手伝いますか？

1. 全力でやる（嫁の務め...）
2. できる範囲で（無理しない）
3. 絶対やらない（夫に任せる！）

正直に教えてください🙋‍♀️"
55,4,本気(解決),12:00,"【画像文字案】
「抱え込まない」
「巻き込む」。
チーム介護のすすめ。

【本文】
介護離職なんて絶対にしてはいけません。
あなたの人生を守ってください。

ケアマネージャー、ヘルパー、施設。
使えるサービスは全部使う。
夫には「具体的なタスク」を振る。
「察して」は通用しません。
「土曜日はあなたが病院に行って」
司令塔になって、賢く乗り切りましょう。

（改行）

「介護で夫婦崩壊！？『嫁の負担』をゼロにする『チーム介護』の始め方」
具体的な方法はNoteで公開中。
#介護疲れ #ダブルケア #解決策"
55,5,軽め(共感),15:00,"義母の世話してたら「ありがとう」って言われた。
初めて聞いたかも。
少しだけ報われた気がした。
でも夫にはイラつく。
「母さん喜んでたよ」じゃなくて、お前がやれ。
共感したら「いいね」お願いします。"
55,6,軽め(一言),17:00,"夕方のこの時間。
病院の待合室。
隣のおばあちゃんと世間話。
「あんた偉いねぇ」って飴ちゃんくれた。
夫より他人の方が優しい。
涙が出そうになった。"
55,7,本気(誘導),20:00,"【画像文字案】
優しさは
余裕から生まれる。
まずは自分をケア。

【本文】
介護で心身ともに限界のあなたへ。

あなたが倒れたら、元も子もありません。
まずは自分を一番に大切にしてください。
美味しいものを食べる、マッサージに行く。
罪悪感なんていりません。
笑顔の介護は、自分への優しさから始まります。
シャンパンでも開けちゃおう。

（改行）

「介護で夫婦崩壊！？『嫁の負担』をゼロにする『チーム介護』の始め方」
解決のための「3つのステップ」をNoteにまとめました。
▼記事はプロフのリンクから
#夜専用レス手前の会話レシピ"
55,8,軽め(夜),21:00,"夜のリビング。
夫に「週末は代わって」と言えた。
「わかった」って。
言えば伝わることもあるんだな。
少しだけ肩の荷が下りた。
同じ気持ちの人、いますか？"
55,9,軽め(夜),22:00,"今日もお疲れ様でした。
命のバトンタッチ。
尊い仕事をしてる自分を誇ろう。
おやすみなさい。"
55,10,軽め(〆),23:00,"明日は今日より少しだけ、心が軽くなりますように。
穏やかな時間が、流れますように。
プロフの固定投稿もぜひ。
おやすみなさい。"
56,1,本気(共感),07:00,"【画像文字案】
子供の巣立ち。
空の巣症候群。
夫婦二人きり。
会話がない。

【本文】
「今日から二人だね」
夫がポツリと言った。

子供が大学進学で家を出た。
ガランとした子供部屋。
夫と二人きりの食卓。
カチャカチャという食器の音だけが響く。

何を話せばいいの？
子供の話以外、共通の話題がない。
これから何十年も、この沈黙が続くの？
息が詰まりそう。

私の実体験はプロフの固定投稿へ。
#空の巣症候群 #熟年夫婦 #会話なし #問題"
56,2,軽め(挨拶),08:00,"おはようございます。
お弁当を作らなくていい朝。
楽だけど、少し寂しい。
夫の分だけ作る卵焼き。
形が崩れちゃった。
まあ、食べてくれるだけマシか。
今日も無理せずいきましょう。"
56,3,軽め(問),10:00,"【質問】
子供が巣立った後の夫婦生活、想像できますか？

1. 楽しみ（自由だ！旅行行くぞ！）
2. 不安（間が持たない...）
3. 考えたくない（恐怖）

正直に教えてください🙋‍♀️"
56,4,本気(解決),12:00,"【画像文字案】
「親」を卒業。
「個人」に戻る。
新しい関係の構築。

【本文】
子供中心の生活が終わると、喪失感に襲われます。
でも、それは自由への扉でもあります。

趣味に没頭する、習い事を始める。
夫を気にせず、自分の時間を楽しむ。
あなたが輝けば、夫も変わります。
「自立した大人同士」の関係を築きましょう。
第二の青春、始めませんか？

（改行）

「子供が巣立った後の『夫婦の沈黙』を破る！第二の人生を楽しむ『リスタート術』」
具体的な方法はNoteで公開中。
#セカンドライフ #夫婦の時間 #解決策"
56,5,軽め(共感),15:00,"夫が「映画でも行くか」って。
20年ぶり？
ポップコーン食べる手が触れてドキッとした。
まだときめけるんだ、私。
捨てたもんじゃないね。
共感したら「いいね」お願いします。"
56,6,軽め(一言),17:00,"夕方のこの時間。
夕飯の支度が楽になった。
手抜き料理でも文句言われない。
これぞ自由の味。
ワインでも開けちゃおうかな。
乾杯。"
56,7,本気(誘導),20:00,"【画像文字案】
ありがとう。
お疲れ様。
これからもよろしく。

【本文】
夫婦二人きりの生活に戸惑うあなたへ。

まずは労いの言葉をかけ合いましょう。
「子育て頑張ったね」
「仕事続けてくれてありがとう」
戦友としての絆を確認する。
そこから、新しい愛が始まります。
照れくさいけど、言ってみて。

（改行）

「子供が巣立った後の『夫婦の沈黙』を破る！第二の人生を楽しむ『リスタート術』」
解決のための「3つのステップ」をNoteにまとめました。
▼記事はプロフのリンクから
#夜専用レス手前の会話レシピ"
56,8,軽め(夜),21:00,"夜のリビング。
昔のアルバムを二人で見た。
「若かったなー」って笑い合った。
歴史を共有できるのは、あなただけ。
シワの数だけ、思い出がある。
同じ気持ちの人、いますか？"
56,9,軽め(夜),22:00,"今日もお疲れ様でした。
人生はまだまだ続く。
隣にいる人と、笑って過ごそう。
おやすみなさい。"
56,10,軽め(〆),23:00,"明日は今日より少しだけ、心が軽くなりますように。
新しい朝が、待ち遠しくなりますように。
プロフの固定投稿もぜひ。
おやすみなさい。"
57,1,本気(共感),07:00,"【画像文字案】
スマホの通知。
知らない名前。
女の勘。
ざわつく心。

【本文】
「ただの同僚だよ」
夫は笑って誤魔化した。

でも、私は見た。
夜中にスマホが光るのを。
画面を伏せて置く仕草。
トイレに持ち込む時間が増えた。
問い詰めたら逆ギレされた。

信じたい。でも疑ってしまう。
このモヤモヤが、愛を蝕んでいく。
真実を知るのが怖い。
パンドラの箱を開けるべき？

私の実体験はプロフの固定投稿へ。
#浮気疑惑 #スマホ #不信感 #問題"
57,2,軽め(挨拶),08:00,"おはようございます。
夫のスマホがテーブルにある。
見たい。見たくない。
葛藤する朝。
知らぬが仏？
いや、知る権利がある。
心臓が痛い。
今日も無理せずいきましょう。"
57,3,軽め(問),10:00,"【質問】
パートナーのスマホ、見たいですか？

1. 見たい（パスワード知ってるし）
2. 見たくない（パンドラの箱）
3. 興味ない（信用してるから）

正直に教えてください🙋‍♀️"
57,4,本気(解決),12:00,"【画像文字案】
「証拠」より
「対話」を。
不安の根っこを断つ。

【本文】
スマホを覗いても、幸せにはなれません。
疑心暗鬼は、関係を悪化させるだけです。

「最近、様子が変で寂しい」
「不安だから安心させてほしい」
I（アイ）メッセージで気持ちを伝える。
責めるのではなく、助けを求める。
それが、心の壁を壊す鍵です。
勇気を出して、向き合おう。

（改行）

「夫のスマホが怪しい…！疑心暗鬼で壊れそうな心を救う『信頼回復のステップ』」
具体的な方法はNoteで公開中。
#浮気調査 #夫婦関係修復 #解決策"
57,5,軽め(共感),15:00,"夫のLINEの通知オフ設定。
怪しすぎるでしょ。
「仕事の連絡が多いから」って嘘くさい。
女の勘は当たるのよ。
私の目は誤魔化せない。
共感したら「いいね」お願いします。"
57,6,軽め(一言),17:00,"夕方のこの時間。
夫の帰りが遅いとソワソワする。
「残業」の二文字を信じられない。
こんな自分、嫌だな。
もっと堂々としていたいのに。
惨めな気持ち。"
57,7,本気(誘導),20:00,"【画像文字案】
信じる勇気。
手放す勇気。
どちらも愛。

【本文】
パートナーを信じられなくて苦しいあなたへ。

信じることは、賭けです。
裏切られるリスクを受け入れること。
でも、信じなければ愛は育ちません。
「私はあなたを信じる」と決める。
その覚悟が、相手を変えることもあります。
あなたの愛を試してみて。

（改行）

「夫のスマホが怪しい…！疑心暗鬼で壊れそうな心を救う『信頼回復のステップ』」
解決のための「3つのステップ」をNoteにまとめました。
▼記事はプロフのリンクから
#夜専用レス手前の会話レシピ"
57,8,軽め(夜),21:00,"夜のリビング。
夫の目を見て話した。
逸らさずに聞いてくれた。
少しだけ、霧が晴れた気がする。
信じてみようかな、もう一度。
同じ気持ちの人、いますか？"
57,9,軽め(夜),22:00,"今日もお疲れ様でした。
不安な夜もある。
でも朝は必ず来る。
自分を信じて。
おやすみなさい。"
57,10,軽め(〆),23:00,"明日は今日より少しだけ、心が軽くなりますように。
信じる心が、届きますように。
プロフの固定投稿もぜひ。
おやすみなさい。"
58,1,本気(共感),07:00,"【画像文字案】
嘘の発覚。
崩れる信頼。
謝罪の言葉。
響かない心。

【本文】
「もう二度としない」
土下座する夫。
その背中を見下ろしながら、私の心は冷え切っていた。

借金、ギャンブル、異性関係。
嘘に嘘を重ねていた夫。
泣いて謝る夫を見ても、何も感じない。
「許してやり直そう」と思う自分と、
「もう無理」と拒絶する自分。

一度壊れた信頼は、元に戻るの？
修復の道のりが果てしなく遠い。
砂のお城みたいに崩れ去った。

私の実体験はプロフの固定投稿へ。
#嘘 #裏切り #再構築 #問題"
58,2,軽め(挨拶),08:00,"おはようございます。
鏡の中の自分と目が合う。
やつれた顔。
「大丈夫、私は悪くない」
言い聞かせて口紅を塗る。
戦闘開始の合図。
今日も無理せずいきましょう。"
58,3,軽め(問),10:00,"【質問】
パートナーの嘘、許せますか？

1. 許せる（一度だけなら...）
2. 許せない（即アウト！）
3. 内容による（金額とか相手とか）

正直に教えてください🙋‍♀️"
58,4,本気(解決),12:00,"【画像文字案】
「許す」か
「別れる」か。
第三の道を探す。

【本文】
裏切りは心に深い傷を残します。
すぐに結論を出す必要はありません。

「執行猶予期間」を設ける。
条件付きで様子を見る。
自分の感情を整理する時間を持ちましょう。
決めるのは、あなた自身です。
焦らなくていい。
あなたの人生の主導権は、あなたが握っている。

（改行）

「夫の嘘が発覚！『離婚』か『再構築』か迷った時に読む『心の整理術』」
具体的な方法はNoteで公開中。
#サレ妻 #離婚 #解決策"
58,5,軽め(共感),15:00,"夫が妙に優しくなった。
罪滅ぼしのつもり？
その優しさが逆に辛い。
「なかったこと」にはできないんだよ。
傷口に塩を塗られてる気分。
共感したら「いいね」お願いします。"
58,6,軽め(一言),17:00,"夕方のこの時間。
ふとした瞬間にフラッシュバック。
胸が苦しくなる。
トラウマってこういうことか。
深呼吸。
私はここにいる。大丈夫。"
58,7,本気(誘導),20:00,"【画像文字案】
自分のために
幸せを選ぼう。
どんな道でも。

【本文】
再構築か離婚かで悩むあなたへ。

どちらを選んでも、茨の道かもしれません。
でも、あなたが「自分で選んだ道」なら、
きっと歩いていけます。
夫のためでも、子供のためでもなく、
「私の幸せ」を基準に決めてください。
あなたは幸せになるために生まれてきたんだから。

（改行）

「夫の嘘が発覚！『離婚』か『再構築』か迷った時に読む『心の整理術』」
解決のための「3つのステップ」をNoteにまとめました。
▼記事はプロフのリンクから
#夜専用レス手前の会話レシピ"
58,8,軽め(夜),21:00,"夜のリビング。
夫が寝た後、一人で泣いた。
涙が枯れるまで泣いたら、少しスッキリした。
明日は笑えるかな。
泣きたい時は泣けばいい。
同じ気持ちの人、いますか？"
58,9,軽め(夜),22:00,"今日もお疲れ様でした。
傷ついた心は、時間が癒してくれる。
今はただ、休もう。
おやすみなさい。"
58,10,軽め(〆),23:00,"明日は今日より少しだけ、心が軽くなりますように。
自分の強さを、信じられますように。
プロフの固定投稿もぜひ。
おやすみなさい。"
59,1,本気(共感),07:00,"【画像文字案】
嫉妬の炎。
過去の恋人。
比べても無意味。
わかってるのに。

【本文】
「元カノは料理上手だった」
夫の何気ない一言。
悪気はないのかもしれない。
でも、私の心はズタズタ。

SNSで元カノを検索してしまう私。
キラキラした投稿を見て落ち込む。
「私より綺麗じゃん」

過去に勝とうとして、空回り。
今の私を見てほしいのに。
自信がなくて、卑屈になる自分が嫌い。

私の実体験はプロフの固定投稿へ。
#嫉妬 #元カノ #劣等感 #問題"
59,2,軽め(挨拶),08:00,"おはようございます。
朝ごはんの卵焼き。
「美味しい」って言ってよ。
元カノの味なんて忘れさせてやる。
フライパンを握る手に力が入る。
負けない。
今日も無理せずいきましょう。"
59,3,軽め(問),10:00,"【質問】
パートナーの過去、気になりますか？

1. 気になる（全部知りたい！）
2. 気にならない（過去は過去）
3. 知りたくない（聞きたくない...）

正直に教えてください🙋‍♀️"
59,4,本気(解決),12:00,"【画像文字案】
「今」を生きる。
「私」を生きる。
比較からの脱却。

【本文】
嫉妬は「自分にないもの」への憧れです。
でも、あなたには「あなただけの魅力」があります。

夫が選んだのは、過去の誰かではなく、今のあなたです。
その事実に自信を持ってください。
比較をやめれば、心は自由になります。
あなたは、あなたのままで素晴らしい。

（改行）

「元カノへの嫉妬が止まらない！『比較地獄』から抜け出すための『自己肯定感アップ術』」
具体的な方法はNoteで公開中。
#嫉妬心 #メンタルヘルス #解決策"
59,5,軽め(共感),15:00,"夫のアルバム見つけちゃった。
元カノとのツーショット。
捨ててよ、そんなの。
見なきゃよかった。
後悔先に立たず。
胸がチクチクする。
共感したら「いいね」お願いします。"
59,6,軽め(一言),17:00,"夕方のこの時間。
鏡を見てメイクを直す。
「私だって可愛い」
自分に言い聞かせる。
誰かと比べるのはもうやめよう。
私は私。"
59,7,本気(誘導),20:00,"【画像文字案】
愛されてる。
その証拠を
集めよう。

【本文】
嫉妬で苦しいあなたへ。

不安な時こそ、愛されている証拠を探しましょう。
「おはよう」の挨拶、「ありがとう」の言葉。
日常に溢れる小さな愛に気づいてください。
あなたは愛される価値がある人です。
自信を持って。

（改行）

「元カノへの嫉妬が止まらない！『比較地獄』から抜け出すための『自己肯定感アップ術』」
解決のための「3つのステップ」をNoteにまとめました。
▼記事はプロフのリンクから
#夜専用レス手前の会話レシピ"
59,8,軽め(夜),21:00,"夜のリビング。
夫に抱きついてみた。
温かかった。
これが現実。これが全て。
過去の亡霊なんて怖くない。
同じ気持ちの人、いますか？"
59,9,軽め(夜),22:00,"今日もお疲れ様でした。
嫉妬は愛の裏返し。
それだけ好きってこと。
可愛く伝えよう。
おやすみなさい。"
59,10,軽め(〆),23:00,"明日は今日より少しだけ、心が軽くなりますように。
愛に満ちた夢を、見られますように。
プロフの固定投稿もぜひ。
おやすみなさい。"
60,1,本気(共感),07:00,"【画像文字案】
束縛の愛。
監視の目。
息が詰まる。
逃げ出したい。

【本文】
「どこ行ってたの？」
「誰といたの？」
帰宅した瞬間、尋問が始まる。

夫の束縛が激しい。
GPSで居場所を確認される。
友達とのランチも嫌な顔をされる。
「愛してるから心配なんだ」と言うけれど。

これは愛なの？それとも支配？
鳥かごの中の鳥みたい。
自由な空を飛びたい。
私の翼は、まだ折れてないはず。

私の実体験はプロフの固定投稿へ。
#束縛 #モラハラ #支配 #問題"
60,2,軽め(挨拶),08:00,"おはようございます。
窓を開けて空気を入れ替える。
冷たい風が気持ちいい。
深呼吸。
誰にも邪魔されない、私だけの時間。
この自由を守りたい。
今日も無理せずいきましょう。"
60,3,軽め(問),10:00,"【質問】
パートナーの束縛、許せますか？

1. 嬉しい（愛されてる！）
2. 多少なら（心配性だなぁ）
3. 無理（逃げる！）

正直に教えてください🙋‍♀️"
60,4,本気(解決),12:00,"【画像文字案】
「NO」と言う。
境界線を引く。
自分を守る。

【本文】
過度な束縛は、DVの一種かもしれません。
我慢して従う必要はありません。

「それは嫌だ」とはっきり伝える。
嫌なことは嫌と言える関係を作る。
対等なパートナーシップを取り戻しましょう。
あなたは誰の所有物でもありません。
一人の人間として、尊重されるべき存在です。

（改行）

「愛という名の支配から逃げる！『束縛夫』への対処法と『自分を取り戻す』ステップ」
具体的な方法はNoteで公開中。
#共依存 #自立 #解決策"
60,5,軽め(共感),15:00,"飲み会に行くだけで不機嫌になる夫。
「男がいるんだろ」って妄想がすごい。
信用されてないのが悲しい。
疲れるな、本当に。
私はあなたの所有物じゃない。
共感したら「いいね」お願いします。"
60,6,軽め(一言),17:00,"夕方のこの時間。
深呼吸して空を見上げる。
広いな。
私の心も、もっと自由でいいはず。
誰かの顔色を伺うのはもう終わり。
私は私の人生を生きる。"
60,7,本気(誘導),20:00,"【画像文字案】
愛し合うこと。
信じ合うこと。
自由であること。

【本文】
束縛に苦しむあなたへ。

本当の愛は、相手の自由を尊重することです。
お互いに自立し、信頼し合うこと。
それができる関係を目指しましょう。
もし無理なら、離れる勇気も必要です。
あなたの人生は、あなたのものです。
誰にも渡さないで。

（改行）

「愛という名の支配から逃げる！『束縛夫』への対処法と『自分を取り戻す』ステップ」
解決のための「3つのステップ」をNoteにまとめました。
▼記事はプロフのリンクから
#夜専用レス手前の会話レシピ"
60,8,軽め(夜),21:00,"夜のリビング。
自分の時間を楽しんでみた。
夫は不満そうだけど、気にしない。
私の機嫌は私が取る。
強くなったな、私。
同じ気持ちの人、いますか？"
60,9,軽め(夜),22:00,"今日もお疲れ様でした。
60日間、一緒に考えてくれてありがとう。
これからも、あなたらしく輝いて。
あなたの幸せを、心から祈っています。
おやすみなさい。"
60,10,軽め(〆),23:00,"明日は今日より少しだけ、心が軽くなりますように。
自由な翼で、羽ばたけますように。
プロフの固定投稿もぜひ。
おやすみなさい。"
