Date,Time,Text
2025-11-22,07:00,"夫婦仲は悪くない。
喧嘩もしていない。
でも、ふとした瞬間に「このままでいいのかな」と距離を感じることはありませんか？






それは「サイレント・クライシス（静かな危機）」かもしれません。
30代・40代の夫婦に今、静かに広がっている「心の距離」について。
私の実体験はプロフの固定投稿に書きました。
#プチレス予備軍 #夫婦の距離感"
2025-11-22,08:00,"おはようございます。
今日も「業務連絡」以外の会話、パートナーとできましたか？
「行ってきます」のトーンひとつで、その日の空気が決まりますよね。"
2025-11-22,10:00,"パートナーの「好きな食べ物」、即答できますか？






昔は知ってたけど、最近の好みは自信ない…という方、意外と多いです。
答え合わせしてみませんか？"
2025-11-22,12:00,"「静かな危機」を抜け出す最初のステップは、「会話の質」を変えること。
業務連絡（ゴミ出し、子供の予定）を「会話」にカウントしていませんか？






1日1回、感情のボールを投げるだけで、空気は変わります。
「疲れたね」じゃなく「今日もお疲れ様、ありがとう」に変えるところから。
具体的な会話レシピはNoteで公開中。
#夫婦関係修復 #会話レシピ"
2025-11-22,15:00,"仕事と育児に追われてると、パートナーが「戦友」になりがち。
戦友も大事だけど、たまには「恋人」の顔も見たいですよね。
共感したら「いいね」お願いします。"
2025-11-22,17:00,"夕方のこの時間、LINEするか迷って結局しない。
「牛乳買ってきて」は送れるのに、「早く帰ってきて」は送れない不思議。
これ、あるあるですか？"
2025-11-22,20:00,"離婚したいわけじゃない。ただ、昔みたいに笑い合いたいだけ。
そんな「プチレス予備軍」のあなたへ。






私が関係を修復するために実践した「夜の会話レシピ」をNoteにまとめました。
まずは現状把握から始めてみませんか？
▼記事はプロフのリンクから
#夜専用レス手前の会話レシピ"
2025-11-22,21:00,"子供が寝た後のリビング。
スマホを見る彼の背中。
その距離が、物理的な距離以上に遠く感じる夜。
同じ気持ちの人、いますか？"
2025-11-22,22:00,"今日もお疲れ様でした。
もし今、隣にパートナーがいるなら、手、触れてみませんか？
言葉より伝わることがあります。
おやすみなさい。"
2025-11-22,23:00,"明日は今日より1mmだけ、心の距離が縮まりますように。
プロフの固定投稿もぜひ読んでみてください。"
2025-11-23,07:00,"「このまま会話がないまま、子どもが巣立ったら、私たちどうなるんだろう」
ふと想像して、ゾッとしたことはありませんか？






共通の話題が「子供」しかない夫婦ほど、その日は突然やってきます。
未来の「二人きり」が楽しみになるか、恐怖になるか。今が分岐点です。
#熟年離婚 #夫婦の未来"
2025-11-23,08:00,"子供の話「以外」で、昨日パートナーと何分話しましたか？






0分だった人、正直に挙手🙋‍♀️
（私も昔は0分でした…）"
2025-11-23,10:00,"「パパ」「ママ」って呼び合うの、いつからだっけ。
名前で呼ばれると、ちょっとドキッとする感覚、忘れたくないな。
今日、名前で呼んでみませんか？"
2025-11-23,12:00,"子供が巣立った後も仲良しな夫婦の共通点。
それは「二人の歴史」を更新し続けていること。






過去の思い出話だけじゃなく、「来週行きたいカフェ」や「来年やりたいこと」を話せていますか？
未来の予約を入れることが、不安を消す一番の特効薬です。
具体的な方法はプロフのNoteへ。
#夫婦デート #未来会議"
2025-11-23,15:00,"老後、二人で縁側でお茶を飲む…なんて理想。
今のままだと、無言でお茶を飲むことになりそうで怖い。
そうならないための準備、始めてますか？"
2025-11-23,17:00,"買い物中、「これ夫が好きそう」って手に取る瞬間。
そういう小さな愛はまだ残ってるんだよね。
それを伝えるだけでいいんです。"
2025-11-23,20:00,"「子供のために」仮面夫婦を続けるのは、実は子供にもバレています。
そして何より、あなたの人生がもったいない。






子供が巣立った後、最高のパートナーに戻るための「3つの準備」をNoteに書きました。
今夜から始められることです。
▼記事はプロフのリンクから
#レス解消 #夫婦再構築"
2025-11-23,21:00,"寝室が別々の方、いますか？
快適だけど、心の距離も離れていく気がして、たまに寂しくなる。
同じ境遇の人と繋がりたいです。"
2025-11-23,22:00,"「おやすみ」のハグ、最後にしたのいつだろう。
欧米か！って笑われるのが怖くてできない自分もいる。
でも、本当はしたいんですよね。"
2025-11-23,23:00,"今日も一日お疲れ様。不安な未来より、今の温かさを大事に。
プロフの固定投稿に、私の失敗談も書いてます。
おやすみなさい。"
2025-11-24,07:00,"夫婦の会話、気づけば「子供のこと」と「ゴミ出しの話」で埋まっていませんか？
私たちは家族運営の「共同経営者」である前に、パートナーだったはず。






自分の好きなこと、最近の悩み、話すのを忘れていませんか？
「私」を取り戻す方法、プロフに書きました。
#業務連絡夫婦 #会話レス"
2025-11-24,08:00,"おはようございます。今日の目標。
「了解」スタンプだけで会話を終わらせないこと。
一言添えるだけで違います。
やってみる！という方は「🔥」で教えてください。"
2025-11-24,10:00,"パートナーの今の「推し」、知ってますか？
知らないなら、興味を持つチャンスかも。
推しを聞くのが一番盛り上がる説。"
2025-11-24,12:00,"タスク報告だけの会話から脱却する「5分ルール」。
1日5分だけ、スマホを置いて向き合う。






話す内容は「今日あった、心が動いたこと」。
「桜が綺麗だった」「ランチが美味しかった」。
情報の共有ではなく、感情の共有が、心の距離を縮めます。
詳しいやり方はNoteで。
#夫婦の時間 #会話術"
2025-11-24,15:00,"LINEの履歴を見返すと、事務的すぎてAIみたい。
もっと人間味のある会話がしたいなあ。
同じ悩みの方、プロフ見てください。"
2025-11-24,17:00,"帰宅直後の「おかえり」のテンションで、夜の雰囲気が決まる説。
今日はちょっと明るめに言ってみようかな。
結果はまた報告しますね。"
2025-11-24,20:00,"「今さら何を話せばいいかわからない」という方へ。
会話のリハビリが必要です。






タスク報告だけの関係から、恋人のような会話を取り戻す「小さな3ステップ」をNoteで公開中。
まずはステップ1から試してみてください。
▼記事はプロフのリンクから
#夜専用レス手前の会話レシピ"
2025-11-24,21:00,"夫がテレビを見て笑ってる。
その笑顔、私に向けてくれたのいつだっけ。
ふと寂しくなる瞬間です。"
2025-11-24,22:00,"寝る前のスマホタイム、お互い無言。
この静けさが「平和」なのか「冷戦」なのか、たまにわからなくなる。
共感したら「いいね」ください。"
2025-11-24,23:00,"言葉にしないと伝わらないこと、たくさんありますよね。
明日は一つでも伝えられますように。
おやすみなさい。"
2025-11-25,07:00,"同じリビングにいるのに、お互いイヤホンをして別世界。
「これってうちだけ？」と思ったことありませんか？






物理的な距離は1メートルなのに、心の距離は100キロ。
この「見えない壁」が分厚くなる前に、気づいてほしい。
私の失敗談はプロフの固定投稿へ。
#家庭内別居 #スマホ依存"
2025-11-25,08:00,"家でスマホ触ってる時間と、パートナーと話してる時間、どっちが長い？






…計算するのが怖いですね。
スマホの方が長い人、正直に教えてください。"
2025-11-25,10:00,"イヤホン外して「ねえ」って話しかけるの、勇気いりますよね。
無視されたらどうしようって。
その勇気、応援してます。"
2025-11-25,12:00,"スマホとイヤホンが作る「見えない壁」を壊す方法。
無理に会話しようとしなくていいです。






ただ、「同じものを見る」時間を作ること。
テレビでも、YouTubeでも、窓の外の月でもいい。
「視線の共有」は「意識の共有」。
そこから自然な会話が生まれます。
#夫婦の団欒 #脱スマホ"
2025-11-25,15:00,"昔は映画観ながらあーだこーだ言ってたのに。
今はそれぞれの画面でそれぞれの動画。
便利だけど、寂しいですよね。"
2025-11-25,17:00,"「ご飯できたよ」ってLINEで送るの、やめようかな。
ちゃんと声で呼びに行こう。
小さな変化が大事です。"
2025-11-25,20:00,"家庭内別居状態は、放置すると「同居人」として固定化されます。
一度固定化されると、戻すのは大変。






スマホに逃げる夜の習慣を、少しだけ変える「3つの声かけ」をNoteにまとめました。
壁を薄くする第一歩です。
▼記事はプロフのリンクから
#レス解消 #夫婦関係"
2025-11-25,21:00,"ふと目が合った瞬間、すぐに逸らしてしまう。
照れなのか、気まずさなのか。
目を合わせるのって、意外とハードル高いですよね。"
2025-11-25,22:00,"隣で寝息が聞こえる。
生きててくれるだけで感謝、と思えれば楽なんだけど。
もっと求めてしまう自分がいる。
わがままじゃないですよ。"
2025-11-25,23:00,"今日も一日お疲れ様でした。
明日はスマホより、パートナーの顔を1秒長く見られますように。
おやすみなさい。"
2025-11-26,07:00,"正直に言います。
最近、パートナーの「仕事の悩み」や「今一番やりたいこと」、知っていますか？






「知ろうとも思ってないかも」と気づいた時、自分が冷たい人間に思えてゾッとする。
関心の喪失は、愛の終わりの始まりです。
危機感を感じたらプロフへ。
#夫婦の危機 #無関心"
2025-11-26,08:00,"おはようございます。
今日はパートナーの「顔色」チェックから。
疲れてそう？楽しそう？
観察は愛です。"
2025-11-26,10:00,"パートナーの新しい服や髪型、気づいてますか？
「あれ、それいつ買ったの？」って言った時の、あの空気…。
経験ある人いますか？"
2025-11-26,12:00,"興味を取り戻すための魔法の質問。
「もし宝くじで1億円当たったら、何したい？」






突拍子もない質問でいいんです。
日常の役割（パパ・ママ）を脱いで、一人の人間としての「欲望」や「夢」を聞くこと。
意外な一面が見えて、また恋ができるかもしれません。
他の質問リストはNoteで。
#夫婦の会話 #質問力"
2025-11-26,15:00,"昔はあんなに知りたかったのに。
今は「元気ならそれでいい」って、諦め半分で思っちゃう。
これ、老化現象ですかね？"
2025-11-26,17:00,"相手に関心がないと、自分も関心を持たれなくなる。
鏡の法則って残酷だけど真実。
まずは自分から。"
2025-11-26,20:00,"「好き」の反対は「嫌い」ではなく「無関心」。
マザー・テレサの言葉が胸に刺さります。






パートナーへの興味を失いかけているあなたへ。
もう一度、相手を知りたくなる「3つの質問」をNoteで紹介しています。
関係が冷え切る前に、試してみてください。
▼記事はプロフのリンクから
#夜専用レス手前の会話レシピ"
2025-11-26,21:00,"昔の写真を見返して、「若いなー」って笑い合う。
そういう時間が、心を温めるんだよね。
今夜、アルバム開いてみませんか？"
2025-11-26,22:00,"背中合わせで寝るのが当たり前。
でも今日は、背中が触れるくらいの距離で寝てみようかな。
ドキドキしますね。"
2025-11-26,23:00,"関心を持つことは、エネルギーがいります。
でも、その価値はあるはず。
おやすみなさい。"
2025-11-27,07:00,"「どうせ話してもわかってもらえない」
そう思って、大事なことを飲み込んだ経験はありませんか？






その「飲み込んだ言葉」が積み重なって、心の壁になります。
諦めは、楽だけど寂しい。
その寂しさを、まだ手放さないでください。
私の体験談はプロフへ。
#夫婦喧嘩 #諦め"
2025-11-27,08:00,"最後に本音で喧嘩したのはいつですか？






喧嘩しなくなるのが、一番危ないサインかも。
喧嘩できるうちは華です。"
2025-11-27,10:00,"「言わなくてもわかるでしょ」は幻想。
言わなきゃ伝わらない。他人だもの。
これ、壁に貼っておきたい言葉。"
2025-11-27,12:00,"諦めかけたコミュニケーションを再開する方法。
「I（アイ）メッセージ」を使うこと。






「なんで〇〇してくれないの！」（Youメッセージ）は責める言葉。
「私は〇〇してくれたら嬉しい」（Iメッセージ）は提案の言葉。
主語を「私」に変えるだけで、相手の耳は開きます。
練習方法はNoteで。
#伝え方 #アサーション"
2025-11-27,15:00,"期待するから傷つく。
だから期待しないようにする。
これ、自分を守るための鎧だけど、重いんだよね。
脱ぎたい人、いますか？"
2025-11-27,17:00,"諦めるのはいつでもできる。
今日はあと1回だけ、信じて話しかけてみよう。
その1回が奇跡を起こすかも。"
2025-11-27,20:00,"「もう無理かも」と思う瞬間は誰にでもあります。
でも、あなたはまだ、この記事を読んでいる。
それは「まだ諦めたくない」という証拠です。






諦めかけた夫婦が、もう一度向き合うための「最後の一手」をNoteに書きました。
勇気を出して、読んでみてください。
▼記事はプロフのリンクから
#レス解消 #夫婦再構築"
2025-11-27,21:00,"寝室に行くのが憂鬱な夜。
「おやすみ」の一言さえ、壁に向かって言ってるみたい。
壁打ち卒業したいですね。"
2025-11-27,22:00,"もし明日、相手がいなくなったら。
後悔しないと言い切れるかな。
そう思うと、少し優しくなれる気がします。"
2025-11-27,23:00,"諦めない強さを持つあなたを応援しています。
ゆっくり休んでください。
おやすみなさい。"
2025-11-28,07:00,"スキンシップ、「いってらっしゃい」の軽いハグだけで終わっていませんか？
それは「挨拶」であって「触れ合い」ではありません。






夜は布団が別世界。
触れたいけど、拒否されるのが怖くて触れられない。
そのジレンマ、痛いほどわかります。
私の解決策はプロフの固定投稿へ。
#スキンシップ #レス予備軍"
2025-11-28,08:00,"おはようございます。日曜の朝。
ゆっくりコーヒー飲みながら、手をつなぐ…なんてドラマみたいな朝、憧れる。
現実はバタバタですが（笑）"
2025-11-28,10:00,"パートナーの体温、覚えてますか？
高いか低いか、最近確かめてないな…。
今日、確かめてみませんか？"
2025-11-28,12:00,"儀礼的なハグから、意味のあるスキンシップへ。
ハードルが高いなら、「マッサージ」から始めましょう。






「肩凝ってない？揉んであげる」は、断られにくい魔法の言葉。
触れる口実を作ること。
そこから、肌の感覚を思い出していくんです。
詳しい手順はNoteで。
#マッサージ #夫婦のスキンシップ"
2025-11-28,15:00,"手をつなぐのって、キスより恥ずかしい時がある。
でも、つないだ時の安心感は異常。
久しぶりにつないでみようかな。"
2025-11-28,17:00,"「触れたい」って言えたら楽なのに。
言葉にすると壊れそうで言えない。
察してほしい、は甘えですかね？"
2025-11-28,20:00,"布団が別世界になる前に。
セックスレスへの入り口は、日常のスキンシップの消滅から始まります。






義務感ではなく、自然に触れ合える関係を取り戻す「3つの工夫」をNoteで公開しました。
夜の距離を縮めたい方、必読です。
▼記事はプロフのリンクから
#夜専用レス手前の会話レシピ"
2025-11-28,21:00,"明日からまた月曜日。
この週末、少しは距離縮まったかな。
焦らずいきましょう。"
2025-11-28,22:00,"勇気を出して、寝る前に手を握ってみた。
握り返してくれた。
それだけで泣きそう。
おやすみなさい。"
2025-11-28,23:00,"1週間お疲れ様でした。
あなたの小さな一歩が、二人の未来を変えます。
プロフの固定投稿もぜひ。
おやすみなさい。"
2025-11-29,07:00,"「パートナーからの誘い、『どうしよう』って身構えてしまうことありませんか？」






「夫から誘われたらどうしよう、って身構えちゃう。応えなきゃ、って義務感がある。」
「身構える」時点で、スキンシップが負担になっている 「応えなきゃ」という義務感が、本来喜びであるべき行為を苦痛に変えている 拒否すると罪悪感、応じると虚しさ、という二重の苦しさ
私の実体験はプロフの固定投稿へ。
#子どもあり / 産後 / プチレス予備軍 #問題"
2025-11-29,08:00,"おはようございます。
誘われることがプレッシャーになる苦しさについて、ふと考えました。
今日も無理せずいきましょう。"
2025-11-29,10:00,"誘われることがプレッシャーになる苦しさ、感じたことありますか？






正直に教えてください🙋‍♀️"
2025-11-29,12:00,"「身構える」時点で、スキンシップが負担になっている 「応えなきゃ」という義務感が、本来喜びであるべき行為を苦痛に変えている 拒否すると罪悪感、応じると虚しさ、という二重の苦しさ






「義務感で応じるスキンシップから、もう一度『したい』を取り戻すまでの道のり」
具体的な方法はNoteで公開中。
#子どもあり / 産後 / プチレス予備軍 #解決策"
2025-11-29,15:00,"「夫から誘われたらどうしよう、って身構えちゃう。応えなきゃ、って義務感がある。」
これ、あるあるですよね。
共感したら「いいね」お願いします。"
2025-11-29,17:00,"夕方のこの時間、ふと思います。
「身構える」時点で、スキンシップが負担に...
小さな変化が大事です。"
2025-11-29,20:00,"誘われることがプレッシャーになる苦しさ。
その悩みを抱えているあなたへ。






「義務感で応じるスキンシップから、もう一度『したい』を取り戻すまでの道のり」
解決のための「3つのステップ」をNoteにまとめました。
▼記事はプロフのリンクから
#夜専用レス手前の会話レシピ"
2025-11-29,21:00,"夜のリビング。
「夫から誘われたらどうしよう、って身構えちゃう。応えなきゃ、って義務感がある。」
同じ気持ちの人、いますか？"
2025-11-29,22:00,"今日もお疲れ様でした。
「身構える」時点で、スキンシップが負担に...
おやすみなさい。"
2025-11-29,23:00,"明日は今日より少しだけ、心が軽くなりますように。
プロフの固定投稿もぜひ。
おやすみなさい。"
2025-11-30,07:00,"「最近のデート、ホームセンターと買い物で終わっていませんか？」






「デート？最近行ったのはホームセンター。全然特別感がないんだよね。」
ホームセンターデートは「生活タスク」であって「二人の時間」ではない 「デート」という言葉を使うこと自体に違和感を覚えるほど、非日常が失われている 特別感のなさ＝「恋人」ではなく「生活パートナー」としてしか見られていない不満
私の実体験はプロフの固定投稿へ。
#同棲カップル / 結婚3年以上 / マンネリ #問題"
2025-11-30,08:00,"おはようございます。
デートに特別感がなくなった虚しさについて、ふと考えました。
今日も無理せずいきましょう。"
2025-11-30,10:00,"デートに特別感がなくなった虚しさ、感じたことありますか？






正直に教えてください🙋‍♀️"
2025-11-30,12:00,"ホームセンターデートは「生活タスク」であって「二人の時間」ではない 「デート」という言葉を使うこと自体に違和感を覚えるほど、非日常が失われている 特別感のなさ＝「恋人」ではなく「生活パートナー」としてしか見られていない不満






「ホームセンターデートから脱却。月1回の『特別な時間』を作る3つのアイデア」
具体的な方法はNoteで公開中。
#同棲カップル / 結婚3年以上 / マンネリ #解決策"
2025-11-30,15:00,"「デート？最近行ったのはホームセンター。全然特別感がないんだよね。」
これ、あるあるですよね。
共感したら「いいね」お願いします。"
2025-11-30,17:00,"夕方のこの時間、ふと思います。
ホームセンターデートは「生活タスク」であ...
小さな変化が大事です。"
2025-11-30,20:00,"デートに特別感がなくなった虚しさ。
その悩みを抱えているあなたへ。






「ホームセンターデートから脱却。月1回の『特別な時間』を作る3つのアイデア」
解決のための「3つのステップ」をNoteにまとめました。
▼記事はプロフのリンクから
#夜専用レス手前の会話レシピ"
2025-11-30,21:00,"夜のリビング。
「デート？最近行ったのはホームセンター。全然特別感がないんだよね。」
同じ気持ちの人、いますか？"
2025-11-30,22:00,"今日もお疲れ様でした。
ホームセンターデートは「生活タスク」であ...
おやすみなさい。"
2025-11-30,23:00,"明日は今日より少しだけ、心が軽くなりますように。
プロフの固定投稿もぜひ。
おやすみなさい。"
2025-12-01,07:00,"「子どもが寝た後、隣でスマホを見ている背中——もう習慣になっていませんか？」






「子どもが寝た後、隣で夫がスマホを見ている背中を見るのが、もう習慣になってしまっ...
「習慣になってしまった」という言葉に、諦めと慣れが混在している 本来は二人の時間になるはずの「子どもが寝た後」が、孤独の時間になっている 背中を見る＝向き合ってもらえない象徴
私の実体験はプロフの固定投稿へ。
#共働き / 子どもあり / プチレス予備軍 #問題"
2025-12-01,08:00,"おはようございます。
スマホに逃避する夜の習慣について、ふと考えました。
今日も無理せずいきましょう。"
2025-12-01,10:00,"スマホに逃避する夜の習慣、感じたことありますか？






正直に教えてください🙋‍♀️"
2025-12-01,12:00,"「習慣になってしまった」という言葉に、諦めと慣れが混在している 本来は二人の時間になるはずの「子どもが寝た後」が、孤独の時間になっている 背中を見る＝向き合ってもらえない象徴






「スマホに逃げる夜の習慣を、少しだけ変える3つの声かけ」
具体的な方法はNoteで公開中。
#共働き / 子どもあり / プチレス予備軍 #解決策"
2025-12-01,15:00,"「子どもが寝た後、隣で夫がスマホを見ている背中を見るのが、もう習慣になってしまっ...
これ、あるあるですよね。
共感したら「いいね」お願いします。"
2025-12-01,17:00,"夕方のこの時間、ふと思います。
「習慣になってしまった」という言葉に、諦...
小さな変化が大事です。"
2025-12-01,20:00,"スマホに逃避する夜の習慣。
その悩みを抱えているあなたへ。






「スマホに逃げる夜の習慣を、少しだけ変える3つの声かけ」
解決のための「3つのステップ」をNoteにまとめました。
▼記事はプロフのリンクから
#夜専用レス手前の会話レシピ"
2025-12-01,21:00,"夜のリビング。
「子どもが寝た後、隣で夫がスマホを見ている背中を見るのが、もう習慣になってしまっ...
同じ気持ちの人、いますか？"
2025-12-01,22:00,"今日もお疲れ様でした。
「習慣になってしまった」という言葉に、諦...
おやすみなさい。"
2025-12-01,23:00,"明日は今日より少しだけ、心が軽くなりますように。
プロフの固定投稿もぜひ。
おやすみなさい。"
2025-12-02,07:00,"「パートナーが干渉しなくなった。楽だけど、無関心に見えて寂しい——そう感じたことありませんか？」






「夫が私に干渉しなくなった。それは楽だけど、無関心なんだと思うと寂しい」
「楽」と「寂しい」が同居する複雑な感情 干渉されないこと自体は悪くないが、「関心がない」サインとして受け取られると孤独に変わる 本当に欲しいのは「干渉」ではなく「関心を持たれている実感」
私の実体験はプロフの固定投稿へ。
#共働き / 結婚5年以上 / 軽度セックスレス #問題"
2025-12-02,08:00,"おはようございます。
干渉されない楽さと無関心の寂しさの狭間について、ふと考えました。
今日も無理せずいきましょう。"
2025-12-02,10:00,"干渉されない楽さと無関心の寂しさの狭間、感じたことありますか？






正直に教えてください🙋‍♀️"
2025-12-02,12:00,"「楽」と「寂しい」が同居する複雑な感情 干渉されないこと自体は悪くないが、「関心がない」サインとして受け取られると孤独に変わる 本当に欲しいのは「干渉」ではなく「関心を持たれている実感」






「干渉と関心の違い。パートナーに『ちゃんと見てる』を伝える小さな習慣」
具体的な方法はNoteで公開中。
#共働き / 結婚5年以上 / 軽度セックスレス #解決策"
2025-12-02,15:00,"「夫が私に干渉しなくなった。それは楽だけど、無関心なんだと思うと寂しい」
これ、あるあるですよね。
共感したら「いいね」お願いします。"
2025-12-02,17:00,"夕方のこの時間、ふと思います。
「楽」と「寂しい」が同居する複雑な感情 ...
小さな変化が大事です。"
2025-12-02,20:00,"干渉されない楽さと無関心の寂しさの狭間。
その悩みを抱えているあなたへ。






「干渉と関心の違い。パートナーに『ちゃんと見てる』を伝える小さな習慣」
解決のための「3つのステップ」をNoteにまとめました。
▼記事はプロフのリンクから
#夜専用レス手前の会話レシピ"
2025-12-02,21:00,"夜のリビング。
「夫が私に干渉しなくなった。それは楽だけど、無関心なんだと思うと寂しい」
同じ気持ちの人、いますか？"
2025-12-02,22:00,"今日もお疲れ様でした。
「楽」と「寂しい」が同居する複雑な感情 ...
おやすみなさい。"
2025-12-02,23:00,"明日は今日より少しだけ、心が軽くなりますように。
プロフの固定投稿もぜひ。
おやすみなさい。"
2025-12-03,07:00,"「パートナーから抱きしめられたとき、『あ、邪魔』って思ってしまったことありませんか？」






健司(36歳SE)、裕子(35歳パート)。5歳の子ども1人、結婚4年目。 土曜の...
スキンシップをプレッシャーと感じているわけではないが、タスクモードで「邪魔」と反応してしまう 悪気はないが、後から「冷たくしすぎたかも」と罪悪感を感じる まだ「何とかしたい」という気持ちは残っている段階
私の実体験はプロフの固定投稿へ。
#結婚4年 / 子どもあり / プチレス予備軍 #問題"
2025-12-03,08:00,"おはようございます。
レベル1（プチレス予備軍）— 土曜の朝のキッチンについて、ふと考えました。
今日も無理せずいきましょう。"
2025-12-03,10:00,"レベル1（プチレス予備軍）— 土曜の朝のキッチン、感じたことありますか？






正直に教えてください🙋‍♀️"
2025-12-03,12:00,"スキンシップをプレッシャーと感じているわけではないが、タスクモードで「邪魔」と反応してしまう 悪気はないが、後から「冷たくしすぎたかも」と罪悪感を感じる まだ「何とかしたい」という気持ちは残っている段階






「『邪魔』と言ってしまう妻と、拒まれる夫。プチレス予備軍が取り戻す3つの工夫」
具体的な方法はNoteで公開中。
#結婚4年 / 子どもあり / プチレス予備軍 #解決策"
2025-12-03,15:00,"健司(36歳SE)、裕子(35歳パート)。5歳の子ども1人、結婚4年目。 土曜の...
これ、あるあるですよね。
共感したら「いいね」お願いします。"
2025-12-03,17:00,"夕方のこの時間、ふと思います。
スキンシップをプレッシャーと感じているわ...
小さな変化が大事です。"
2025-12-03,20:00,"レベル1（プチレス予備軍）— 土曜の朝のキッチン。
その悩みを抱えているあなたへ。






「『邪魔』と言ってしまう妻と、拒まれる夫。プチレス予備軍が取り戻す3つの工夫」
解決のための「3つのステップ」をNoteにまとめました。
▼記事はプロフのリンクから
#夜専用レス手前の会話レシピ"
2025-12-03,21:00,"夜のリビング。
健司(36歳SE)、裕子(35歳パート)。5歳の子ども1人、結婚4年目。 土曜の...
同じ気持ちの人、いますか？"
2025-12-03,22:00,"今日もお疲れ様でした。
スキンシップをプレッシャーと感じているわ...
おやすみなさい。"
2025-12-03,23:00,"明日は今日より少しだけ、心が軽くなりますように。
プロフの固定投稿もぜひ。
おやすみなさい。"
2025-12-04,07:00,"「パートナーの優しさが、疲れすぎて『重い』と感じてしまう夜ありませんか？」






遥(40歳マーケマネ)、拓哉(39歳リモート)。7歳の子ども1人、結婚5年目。 ...
月1回あるかどうかの関係で、距離を実感している 改善の努力が報われず、感情的な投資を停止し始める 「どうせ無理だろう」という諦めが芽生え始めている
私の実体験はプロフの固定投稿へ。
#結婚5年 / 子どもあり / 軽度セックスレス #問題"
2025-12-04,08:00,"おはようございます。
レベル2（軽度セックスレス）— 水曜の夜の空回りについて、ふと考えました。
今日も無理せずいきましょう。"
2025-12-04,10:00,"レベル2（軽度セックスレス）— 水曜の夜の空回り、感じたことありますか？






正直に教えてください🙋‍♀️"
2025-12-04,12:00,"月1回あるかどうかの関係で、距離を実感している 改善の努力が報われず、感情的な投資を停止し始める 「どうせ無理だろう」という諦めが芽生え始めている






「努力が空回りする夫と、受け止められない妻。軽度セックスレスから抜け出す道のり」
具体的な方法はNoteで公開中。
#結婚5年 / 子どもあり / 軽度セックスレス #解決策"
2025-12-04,15:00,"遥(40歳マーケマネ)、拓哉(39歳リモート)。7歳の子ども1人、結婚5年目。 ...
これ、あるあるですよね。
共感したら「いいね」お願いします。"
2025-12-04,17:00,"夕方のこの時間、ふと思います。
月1回あるかどうかの関係で、距離を実感し...
小さな変化が大事です。"
2025-12-04,20:00,"レベル2（軽度セックスレス）— 水曜の夜の空回り。
その悩みを抱えているあなたへ。






「努力が空回りする夫と、受け止められない妻。軽度セックスレスから抜け出す道のり」
解決のための「3つのステップ」をNoteにまとめました。
▼記事はプロフのリンクから
#夜専用レス手前の会話レシピ"
2025-12-04,21:00,"夜のリビング。
遥(40歳マーケマネ)、拓哉(39歳リモート)。7歳の子ども1人、結婚5年目。 ...
同じ気持ちの人、いますか？"
2025-12-04,22:00,"今日もお疲れ様でした。
月1回あるかどうかの関係で、距離を実感し...
おやすみなさい。"
2025-12-04,23:00,"明日は今日より少しだけ、心が軽くなりますように。
プロフの固定投稿もぜひ。
おやすみなさい。"
2025-12-05,07:00,"「家族で公園にいるのに、お互いスマホとイヤホン。『これでいいのかな』って思ったことありませんか？」






大地(38歳公務員)、真菜(37歳専業主婦)。3歳と6歳の子ども、結婚8年目。 ...
スキンシップはほぼゼロ、会話も必要最低限 この距離感を波風の立たない「平和」として受容している 関係修復へのエネルギーは枯渇しているが、離婚は考えていない
私の実体験はプロフの固定投稿へ。
#結婚8年 / 子ども2人 / 重度プチレス #問題"
2025-12-05,08:00,"おはようございます。
レベル3（諦めかけ）— 日曜の公園ベンチについて、ふと考えました。
今日も無理せずいきましょう。"
2025-12-05,10:00,"レベル3（諦めかけ）— 日曜の公園ベンチ、感じたことありますか？






正直に教えてください🙋‍♀️"
2025-12-05,12:00,"スキンシップはほぼゼロ、会話も必要最低限 この距離感を波風の立たない「平和」として受容している 関係修復へのエネルギーは枯渇しているが、離婚は考えていない






「『共同管理者』になった夫婦が、もう一度『パートナー』に戻るための最初の一歩」
具体的な方法はNoteで公開中。
#結婚8年 / 子ども2人 / 重度プチレス #解決策"
2025-12-05,15:00,"大地(38歳公務員)、真菜(37歳専業主婦)。3歳と6歳の子ども、結婚8年目。 ...
これ、あるあるですよね。
共感したら「いいね」お願いします。"
2025-12-05,17:00,"夕方のこの時間、ふと思います。
スキンシップはほぼゼロ、会話も必要最低限...
小さな変化が大事です。"
2025-12-05,20:00,"レベル3（諦めかけ）— 日曜の公園ベンチ。
その悩みを抱えているあなたへ。






「『共同管理者』になった夫婦が、もう一度『パートナー』に戻るための最初の一歩」
解決のための「3つのステップ」をNoteにまとめました。
▼記事はプロフのリンクから
#夜専用レス手前の会話レシピ"
2025-12-05,21:00,"夜のリビング。
大地(38歳公務員)、真菜(37歳専業主婦)。3歳と6歳の子ども、結婚8年目。 ...
同じ気持ちの人、いますか？"
2025-12-05,22:00,"今日もお疲れ様でした。
スキンシップはほぼゼロ、会話も必要最低限...
おやすみなさい。"
2025-12-05,23:00,"明日は今日より少しだけ、心が軽くなりますように。
プロフの固定投稿もぜひ。
おやすみなさい。"
2025-12-06,07:00,"「『夫婦 会話 増やす』で検索したことがある人へ。本当に必要なのは量より質です。」







最も検索ボリュームが多く、ユーザーが最初に取り組む領域 「〜する方法」「〜のルール」など、低エネルギーで実践できる解決策を求めている 会話が改善すれば他の問題も連鎖的に改善する可能性がある
私の実体験はプロフの固定投稿へ。
#ロングテールSEO / 実践的解決策 #手段"
2025-12-06,08:00,"おはようございます。
会話・コミュニケーション改善クラスターについて、ふと考えました。
今日も無理せずいきましょう。"
2025-12-06,10:00,"会話・コミュニケーション改善クラスター、感じたことありますか？






正直に教えてください🙋‍♀️"
2025-12-06,12:00,"最も検索ボリュームが多く、ユーザーが最初に取り組む領域 「〜する方法」「〜のルール」など、低エネルギーで実践できる解決策を求めている 会話が改善すれば他の問題も連鎖的に改善する可能性がある






「夫婦会話を増やす7つの方法」
具体的な方法はNoteで公開中。
#ロングテールSEO / 実践的解決策 #解決策"
2025-12-06,15:00,"これ、あるあるですよね。
共感したら「いいね」お願いします。"
2025-12-06,17:00,"夕方のこの時間、ふと思います。
最も検索ボリュームが多く、ユーザーが最初...
小さな変化が大事です。"
2025-12-06,20:00,"会話・コミュニケーション改善クラスター。
その悩みを抱えているあなたへ。






「夫婦会話を増やす7つの方法」
解決のための「3つのステップ」をNoteにまとめました。
▼記事はプロフのリンクから
#夜専用レス手前の会話レシピ"
2025-12-06,21:00,"夜のリビング。

同じ気持ちの人、いますか？"
2025-12-06,22:00,"今日もお疲れ様でした。
最も検索ボリュームが多く、ユーザーが最初...
おやすみなさい。"
2025-12-06,23:00,"明日は今日より少しだけ、心が軽くなりますように。
プロフの固定投稿もぜひ。
おやすみなさい。"
2025-12-07,07:00,"「『妻 誘い方 成功』で検索したことがある夫へ。誘う前にやるべきことがあります。」







繊細で言いづらい悩みだからこそ、検索に頼る 「プチレス」「手前」など、まだ深刻化していないニュアンスを選ぶ 拒否の怖さ・義務感の疲れなど、両方の視点が混在している
私の実体験はプロフの固定投稿へ。
#ロングテールSEO / プチレス対策 #手段"
2025-12-07,08:00,"おはようございます。
レス対策・スキンシップクラスターについて、ふと考えました。
今日も無理せずいきましょう。"
2025-12-07,10:00,"レス対策・スキンシップクラスター、感じたことありますか？






正直に教えてください🙋‍♀️"
2025-12-07,12:00,"繊細で言いづらい悩みだからこそ、検索に頼る 「プチレス」「手前」など、まだ深刻化していないニュアンスを選ぶ 拒否の怖さ・義務感の疲れなど、両方の視点が混在している






「プチレス手前の夫婦が知っておくべき、誘い方とタイミングの全て」
具体的な方法はNoteで公開中。
#ロングテールSEO / プチレス対策 #解決策"
2025-12-07,15:00,"これ、あるあるですよね。
共感したら「いいね」お願いします。"
2025-12-07,17:00,"夕方のこの時間、ふと思います。
繊細で言いづらい悩みだからこそ、検索に頼...
小さな変化が大事です。"
2025-12-07,20:00,"レス対策・スキンシップクラスター。
その悩みを抱えているあなたへ。






「プチレス手前の夫婦が知っておくべき、誘い方とタイミングの全て」
解決のための「3つのステップ」をNoteにまとめました。
▼記事はプロフのリンクから
#夜専用レス手前の会話レシピ"
2025-12-07,21:00,"夜のリビング。

同じ気持ちの人、いますか？"
2025-12-07,22:00,"今日もお疲れ様でした。
繊細で言いづらい悩みだからこそ、検索に頼...
おやすみなさい。"
2025-12-07,23:00,"明日は今日より少しだけ、心が軽くなりますように。
プロフの固定投稿もぜひ。
おやすみなさい。"
2025-12-08,07:00,"「『夫婦 デート どこ』で検索している人へ。場所よりも大事なことがあります。」







「マンネリ」「倦怠期」という言葉で問題を定義している段階 デート先・趣味共有など、具体的なアクションを求めている 別行動が増えている現状を変えたいという前向きな意欲
私の実体験はプロフの固定投稿へ。
#ロングテールSEO / デート・趣味共有 #手段"
2025-12-08,08:00,"おはようございます。
マンネリ解消・関係性の再構築クラスターについて、ふと考えました。
今日も無理せずいきましょう。"
2025-12-08,10:00,"マンネリ解消・関係性の再構築クラスター、感じたことありますか？






正直に教えてください🙋‍♀️"
2025-12-08,12:00,"「マンネリ」「倦怠期」という言葉で問題を定義している段階 デート先・趣味共有など、具体的なアクションを求めている 別行動が増えている現状を変えたいという前向きな意欲






「結婚5年の倦怠期を乗り越える、マンネリ解消デート7選」
具体的な方法はNoteで公開中。
#ロングテールSEO / デート・趣味共有 #解決策"
2025-12-08,15:00,"これ、あるあるですよね。
共感したら「いいね」お願いします。"
2025-12-08,17:00,"夕方のこの時間、ふと思います。
「マンネリ」「倦怠期」という言葉で問題を...
小さな変化が大事です。"
2025-12-08,20:00,"マンネリ解消・関係性の再構築クラスター。
その悩みを抱えているあなたへ。






「結婚5年の倦怠期を乗り越える、マンネリ解消デート7選」
解決のための「3つのステップ」をNoteにまとめました。
▼記事はプロフのリンクから
#夜専用レス手前の会話レシピ"
2025-12-08,21:00,"夜のリビング。

同じ気持ちの人、いますか？"
2025-12-08,22:00,"今日もお疲れ様でした。
「マンネリ」「倦怠期」という言葉で問題を...
おやすみなさい。"
2025-12-08,23:00,"明日は今日より少しだけ、心が軽くなりますように。
プロフの固定投稿もぜひ。
おやすみなさい。"
2025-12-09,07:00,"「『仕事 育児 夫婦仲』で検索した人へ。疲れているのは、あなただけじゃありません。」







仕事・育児の疲労が夫婦仲を直撃していることを自覚している 協力的でない配偶者への不満とストレス スマホが喧嘩の原因になっている現代的な問題
私の実体験はプロフの固定投稿へ。
#ロングテールSEO / 疲弊・ストレス軽減 #問題"
2025-12-09,08:00,"おはようございます。
疲労・ストレス対処クラスターについて、ふと考えました。
今日も無理せずいきましょう。"
2025-12-09,10:00,"疲労・ストレス対処クラスター、感じたことありますか？






正直に教えてください🙋‍♀️"
2025-12-09,12:00,"仕事・育児の疲労が夫婦仲を直撃していることを自覚している 協力的でない配偶者への不満とストレス スマホが喧嘩の原因になっている現代的な問題






「仕事と育児で疲れ切った夫婦が、夫婦仲を守るための5つの習慣」
具体的な方法はNoteで公開中。
#ロングテールSEO / 疲弊・ストレス軽減 #解決策"
2025-12-09,15:00,"これ、あるあるですよね。
共感したら「いいね」お願いします。"
2025-12-09,17:00,"夕方のこの時間、ふと思います。
仕事・育児の疲労が夫婦仲を直撃しているこ...
小さな変化が大事です。"
2025-12-09,20:00,"疲労・ストレス対処クラスター。
その悩みを抱えているあなたへ。






「仕事と育児で疲れ切った夫婦が、夫婦仲を守るための5つの習慣」
解決のための「3つのステップ」をNoteにまとめました。
▼記事はプロフのリンクから
#夜専用レス手前の会話レシピ"
2025-12-09,21:00,"夜のリビング。

同じ気持ちの人、いますか？"
2025-12-09,22:00,"今日もお疲れ様でした。
仕事・育児の疲労が夫婦仲を直撃しているこ...
おやすみなさい。"
2025-12-09,23:00,"明日は今日より少しだけ、心が軽くなりますように。
プロフの固定投稿もぜひ。
おやすみなさい。"
2025-12-10,07:00,"「『夫婦仲 諦めたくない』で検索したあなたへ。その気持ちがあれば、まだ大丈夫です。」







不安・寂しさ・冷え込みなど、感情ワードが検索に現れている 「諦めたくない」という切実な気持ちが透けて見える 「自分から」という言葉に、相手を変えられない現実の受容
私の実体験はプロフの固定投稿へ。
#ロングテールSEO / 感情・不安の言語化 #問題"
2025-12-10,08:00,"おはようございます。
心理的不安の解消クラスターについて、ふと考えました。
今日も無理せずいきましょう。"
2025-12-10,10:00,"心理的不安の解消クラスター、感じたことありますか？






正直に教えてください🙋‍♀️"
2025-12-10,12:00,"不安・寂しさ・冷え込みなど、感情ワードが検索に現れている 「諦めたくない」という切実な気持ちが透けて見える 「自分から」という言葉に、相手を変えられない現実の受容






「夫婦の会話がない不安を解消するための、自分から始める3つの行動」
具体的な方法はNoteで公開中。
#ロングテールSEO / 感情・不安の言語化 #解決策"
2025-12-10,15:00,"これ、あるあるですよね。
共感したら「いいね」お願いします。"
2025-12-10,17:00,"夕方のこの時間、ふと思います。
不安・寂しさ・冷え込みなど、感情ワードが...
小さな変化が大事です。"
2025-12-10,20:00,"心理的不安の解消クラスター。
その悩みを抱えているあなたへ。






「夫婦の会話がない不安を解消するための、自分から始める3つの行動」
解決のための「3つのステップ」をNoteにまとめました。
▼記事はプロフのリンクから
#夜専用レス手前の会話レシピ"
2025-12-10,21:00,"夜のリビング。

同じ気持ちの人、いますか？"
2025-12-10,22:00,"今日もお疲れ様でした。
不安・寂しさ・冷え込みなど、感情ワードが...
おやすみなさい。"
2025-12-10,23:00,"明日は今日より少しだけ、心が軽くなりますように。
プロフの固定投稿もぜひ。
おやすみなさい。"
2025-12-11,07:00,"「ふとした瞬間に『自分に興味持たれてないかも』って、孤独感が襲ってきたことありませんか？」






「ふとした瞬間に『自分に興味を持たれていないのかも』という孤独感が襲ってくる」
「ふとした瞬間」という不意打ち性が、この孤独感の特徴 会話や視線が合わない日常の積み重ねが、突然の不安として表面化する 「興味を持たれていない」＝自分の価値が認められていないという深い不安
私の実体験はプロフの固定投稿へ。
#共働き / 結婚3年以上 / プチレス予備軍 #問題"
2025-12-11,08:00,"おはようございます。
突然襲ってくる孤独感の瞬間について、ふと考えました。
今日も無理せずいきましょう。"
2025-12-11,10:00,"突然襲ってくる孤独感の瞬間、感じたことありますか？






正直に教えてください🙋‍♀️"
2025-12-11,12:00,"「ふとした瞬間」という不意打ち性が、この孤独感の特徴 会話や視線が合わない日常の積み重ねが、突然の不安として表面化する 「興味を持たれていない」＝自分の価値が認められていないという深い不安






「突然襲ってくる孤独感の正体と、パートナーに『ちゃんと見てる』を伝え合う方法」
具体的な方法はNoteで公開中。
#共働き / 結婚3年以上 / プチレス予備軍 #解決策"
2025-12-11,15:00,"「ふとした瞬間に『自分に興味を持たれていないのかも』という孤独感が襲ってくる」
これ、あるあるですよね。
共感したら「いいね」お願いします。"
2025-12-11,17:00,"夕方のこの時間、ふと思います。
「ふとした瞬間」という不意打ち性が、この...
小さな変化が大事です。"
2025-12-11,20:00,"突然襲ってくる孤独感の瞬間。
その悩みを抱えているあなたへ。






「突然襲ってくる孤独感の正体と、パートナーに『ちゃんと見てる』を伝え合う方法」
解決のための「3つのステップ」をNoteにまとめました。
▼記事はプロフのリンクから
#夜専用レス手前の会話レシピ"
2025-12-11,21:00,"夜のリビング。
「ふとした瞬間に『自分に興味を持たれていないのかも』という孤独感が襲ってくる」
同じ気持ちの人、いますか？"
2025-12-11,22:00,"今日もお疲れ様でした。
「ふとした瞬間」という不意打ち性が、この...
おやすみなさい。"
2025-12-11,23:00,"明日は今日より少しだけ、心が軽くなりますように。
プロフの固定投稿もぜひ。
おやすみなさい。"
2025-12-12,07:00,"「お互い疲れすぎて、夜に話しかけるのすらプレッシャーになってませんか？」






「お互い疲れてるのを知ってるから、夜に誘うのがプレッシャーで言えなくなった。」 ...
疲労が「受動的回避」を引き起こし、本来ポジティブな行動（会話・スキンシップ）すら避けるようになる 結婚5年以上の夫婦の会話時間は1日平均54.5分（理想から30分不足）というデータも スマホ逃避・早期就寝は、疲労による自然な防衛反応
私の実体験はプロフの固定投稿へ。
#共働き / 子どもあり / 家事育児偏重 #問題"
2025-12-12,08:00,"おはようございます。
仕事と育児による時間的・物理的疲弊メカニズムについて、ふと考えました。
今日も無理せずいきましょう。"
2025-12-12,10:00,"仕事と育児による時間的・物理的疲弊メカニズム、感じたことありますか？






正直に教えてください🙋‍♀️"
2025-12-12,12:00,"疲労が「受動的回避」を引き起こし、本来ポジティブな行動（会話・スキンシップ）すら避けるようになる 結婚5年以上の夫婦の会話時間は1日平均54.5分（理想から30分不足）というデータも スマホ逃避・早期就寝は、疲労による自然な防衛反応






「疲れ切った夫婦が、会話とスキンシップを『タスク』にしないための3つの工夫」
具体的な方法はNoteで公開中。
#共働き / 子どもあり / 家事育児偏重 #解決策"
2025-12-12,15:00,"「お互い疲れてるのを知ってるから、夜に誘うのがプレッシャーで言えなくなった。」 ...
これ、あるあるですよね。
共感したら「いいね」お願いします。"
2025-12-12,17:00,"夕方のこの時間、ふと思います。
疲労が「受動的回避」を引き起こし、本来ポ...
小さな変化が大事です。"
2025-12-12,20:00,"仕事と育児による時間的・物理的疲弊メカニズム。
その悩みを抱えているあなたへ。






「疲れ切った夫婦が、会話とスキンシップを『タスク』にしないための3つの工夫」
解決のための「3つのステップ」をNoteにまとめました。
▼記事はプロフのリンクから
#夜専用レス手前の会話レシピ"
2025-12-12,21:00,"夜のリビング。
「お互い疲れてるのを知ってるから、夜に誘うのがプレッシャーで言えなくなった。」 ...
同じ気持ちの人、いますか？"
2025-12-12,22:00,"今日もお疲れ様でした。
疲労が「受動的回避」を引き起こし、本来ポ...
おやすみなさい。"
2025-12-12,23:00,"明日は今日より少しだけ、心が軽くなりますように。
プロフの固定投稿もぜひ。
おやすみなさい。"
2025-12-13,07:00,"「夫婦の会話、『子どもとゴミ出し』で97%埋まっていませんか？」






「会話の8割が子どもの話か、明日のゴミ出しの話。自分のことを話すのを忘れた」 「...
「夫婦2人の将来」といった深い話題が完全に欠落している 連絡事項だけの会話＝感情の交流ゼロ＝関係性の空洞化 「どうせ伝わらない」という諦めが、会話の質をさらに低下させる悪循環
私の実体験はプロフの固定投稿へ。
#共働き / 子どもあり / コミュニケーション停滞 #問題"
2025-12-13,08:00,"おはようございます。
会話の質の低下と形式化メカニズムについて、ふと考えました。
今日も無理せずいきましょう。"
2025-12-13,10:00,"会話の質の低下と形式化メカニズム、感じたことありますか？






正直に教えてください🙋‍♀️"
2025-12-13,12:00,"「夫婦2人の将来」といった深い話題が完全に欠落している 連絡事項だけの会話＝感情の交流ゼロ＝関係性の空洞化 「どうせ伝わらない」という諦めが、会話の質をさらに低下させる悪循環






「タスク報告だけの会話から、『感情の交流』を取り戻す5分ルール」
具体的な方法はNoteで公開中。
#共働き / 子どもあり / コミュニケーション停滞 #解決策"
2025-12-13,15:00,"「会話の8割が子どもの話か、明日のゴミ出しの話。自分のことを話すのを忘れた」 「...
これ、あるあるですよね。
共感したら「いいね」お願いします。"
2025-12-13,17:00,"夕方のこの時間、ふと思います。
「夫婦2人の将来」といった深い話題が完全...
小さな変化が大事です。"
2025-12-13,20:00,"会話の質の低下と形式化メカニズム。
その悩みを抱えているあなたへ。






「タスク報告だけの会話から、『感情の交流』を取り戻す5分ルール」
解決のための「3つのステップ」をNoteにまとめました。
▼記事はプロフのリンクから
#夜専用レス手前の会話レシピ"
2025-12-13,21:00,"夜のリビング。
「会話の8割が子どもの話か、明日のゴミ出しの話。自分のことを話すのを忘れた」 「...
同じ気持ちの人、いますか？"
2025-12-13,22:00,"今日もお疲れ様でした。
「夫婦2人の将来」といった深い話題が完全...
おやすみなさい。"
2025-12-13,23:00,"明日は今日より少しだけ、心が軽くなりますように。
プロフの固定投稿もぜひ。
おやすみなさい。"
2025-12-14,07:00,"「最近のデート、ホームセンターと買い物で終わってませんか？」






「デート？最近行ったのはホームセンター。全然特別感がないんだよね。」 「結婚5年...
記念日や週末に特別な計画を立てる意欲がない パートナーより友達との時間を優先しがち 「戦友」という表現に、恋愛感情の希薄化が現れている
私の実体験はプロフの固定投稿へ。
#同棲カップル / 結婚3年以上 / マンネリ / 倦怠期 #問題"
2025-12-14,08:00,"おはようございます。
恋人としての役割の消滅（マンネリ）メカニズムについて、ふと考えました。
今日も無理せずいきましょう。"
2025-12-14,10:00,"恋人としての役割の消滅（マンネリ）メカニズム、感じたことありますか？






正直に教えてください🙋‍♀️"
2025-12-14,12:00,"記念日や週末に特別な計画を立てる意欲がない パートナーより友達との時間を優先しがち 「戦友」という表現に、恋愛感情の希薄化が現れている






「『戦友』から『恋人』に戻るための、月1回の特別な時間の作り方」
具体的な方法はNoteで公開中。
#同棲カップル / 結婚3年以上 / マンネリ / 倦怠期 #解決策"
2025-12-14,15:00,"「デート？最近行ったのはホームセンター。全然特別感がないんだよね。」 「結婚5年...
これ、あるあるですよね。
共感したら「いいね」お願いします。"
2025-12-14,17:00,"夕方のこの時間、ふと思います。
記念日や週末に特別な計画を立てる意欲がな...
小さな変化が大事です。"
2025-12-14,20:00,"恋人としての役割の消滅（マンネリ）メカニズム。
その悩みを抱えているあなたへ。






「『戦友』から『恋人』に戻るための、月1回の特別な時間の作り方」
解決のための「3つのステップ」をNoteにまとめました。
▼記事はプロフのリンクから
#夜専用レス手前の会話レシピ"
2025-12-14,21:00,"夜のリビング。
「デート？最近行ったのはホームセンター。全然特別感がないんだよね。」 「結婚5年...
同じ気持ちの人、いますか？"
2025-12-14,22:00,"今日もお疲れ様でした。
記念日や週末に特別な計画を立てる意欲がな...
おやすみなさい。"
2025-12-14,23:00,"明日は今日より少しだけ、心が軽くなりますように。
プロフの固定投稿もぜひ。
おやすみなさい。"
2025-12-15,07:00,"「パートナーからの誘い、『どうしよう』って身構えてしまうことありませんか？」






「夫から誘われたらどうしよう、って身構えちゃう。応えなきゃ、って義務感がある。」...
誘いをプレッシャーに感じて寝たふり、または義務感で応じる 拒否→罪悪感、応じる→虚しさ、という二重の苦しさ 儀礼的なハグだけ＝親密さが完全に失われている状態
私の実体験はプロフの固定投稿へ。
#子どもあり / 産後 / プチレス予備軍 / 軽度セックスレス #問題"
2025-12-15,08:00,"おはようございます。
性的な関係の遠距離化（プチレス予備軍）メカニズムについて、ふと考えました。
今日も無理せずいきましょう。"
2025-12-15,10:00,"性的な関係の遠距離化（プチレス予備軍）メカニズム、感じたことありますか？






正直に教えてください🙋‍♀️"
2025-12-15,12:00,"誘いをプレッシャーに感じて寝たふり、または義務感で応じる 拒否→罪悪感、応じる→虚しさ、という二重の苦しさ 儀礼的なハグだけ＝親密さが完全に失われている状態






「義務感で応じるスキンシップから、『もう一度したい』を取り戻すまでの道のり」
具体的な方法はNoteで公開中。
#子どもあり / 産後 / プチレス予備軍 / 軽度セックスレス #解決策"
2025-12-15,15:00,"「夫から誘われたらどうしよう、って身構えちゃう。応えなきゃ、って義務感がある。」...
これ、あるあるですよね。
共感したら「いいね」お願いします。"
2025-12-15,17:00,"夕方のこの時間、ふと思います。
誘いをプレッシャーに感じて寝たふり、また...
小さな変化が大事です。"
2025-12-15,20:00,"性的な関係の遠距離化（プチレス予備軍）メカニズム。
その悩みを抱えているあなたへ。






「義務感で応じるスキンシップから、『もう一度したい』を取り戻すまでの道のり」
解決のための「3つのステップ」をNoteにまとめました。
▼記事はプロフのリンクから
#夜専用レス手前の会話レシピ"
2025-12-15,21:00,"夜のリビング。
「夫から誘われたらどうしよう、って身構えちゃう。応えなきゃ、って義務感がある。」...
同じ気持ちの人、いますか？"
2025-12-15,22:00,"今日もお疲れ様でした。
誘いをプレッシャーに感じて寝たふり、また...
おやすみなさい。"
2025-12-15,23:00,"明日は今日より少しだけ、心が軽くなりますように。
プロフの固定投稿もぜひ。
おやすみなさい。"
2025-12-16,07:00,"「『週末の予定』以外で、夫婦の将来について話したのはいつですか？」






「このまま会話がないまま、子どもが巣立ったら、私たちどうなるんだろう」 「週末の...
生活費・育児方針は話すが、夫婦としての未来は語らない 「家族会議のメンバー」という表現に、恋人・パートナーではなく共同運営者になっている現実 将来ビジョンの欠如＝関係性の目的地が見えない不安
私の実体験はプロフの固定投稿へ。
#結婚5年以上 / 子どもあり / 将来不安 #問題"
2025-12-16,08:00,"おはようございます。
将来へのビジョン共有不足メカニズムについて、ふと考えました。
今日も無理せずいきましょう。"
2025-12-16,10:00,"将来へのビジョン共有不足メカニズム、感じたことありますか？






正直に教えてください🙋‍♀️"
2025-12-16,12:00,"生活費・育児方針は話すが、夫婦としての未来は語らない 「家族会議のメンバー」という表現に、恋人・パートナーではなく共同運営者になっている現実 将来ビジョンの欠如＝関係性の目的地が見えない不安






「家族会議のメンバーから、もう一度『夫婦』に戻るための未来の描き方」
具体的な方法はNoteで公開中。
#結婚5年以上 / 子どもあり / 将来不安 #解決策"
2025-12-16,15:00,"「このまま会話がないまま、子どもが巣立ったら、私たちどうなるんだろう」 「週末の...
これ、あるあるですよね。
共感したら「いいね」お願いします。"
2025-12-16,17:00,"夕方のこの時間、ふと思います。
生活費・育児方針は話すが、夫婦としての未...
小さな変化が大事です。"
2025-12-16,20:00,"将来へのビジョン共有不足メカニズム。
その悩みを抱えているあなたへ。






「家族会議のメンバーから、もう一度『夫婦』に戻るための未来の描き方」
解決のための「3つのステップ」をNoteにまとめました。
▼記事はプロフのリンクから
#夜専用レス手前の会話レシピ"
2025-12-16,21:00,"夜のリビング。
「このまま会話がないまま、子どもが巣立ったら、私たちどうなるんだろう」 「週末の...
同じ気持ちの人、いますか？"
2025-12-16,22:00,"今日もお疲れ様でした。
生活費・育児方針は話すが、夫婦としての未...
おやすみなさい。"
2025-12-16,23:00,"明日は今日より少しだけ、心が軽くなりますように。
プロフの固定投稿もぜひ。
おやすみなさい。"
2025-12-17,07:00,"「パートナーが干渉しなくなった。楽だけど、無関心に見えて寂しい——そう感じたことありませんか？」






「夫が私に干渉しなくなった。それは楽だけど、無関心なんだと思うと寂しい」 「ふと...
干渉されない＝楽だが、無関心のサインと受け取ると孤独に変わる 相手の行動に「どうでもいい」という無関心が透けて見える 本当に欲しいのは「干渉」ではなく「関心を持たれている実感」
私の実体験はプロフの固定投稿へ。
#共働き / 結婚5年以上 / 軽度セックスレス #問題"
2025-12-17,08:00,"おはようございます。
無関心による感情の遮断メカニズムについて、ふと考えました。
今日も無理せずいきましょう。"
2025-12-17,10:00,"無関心による感情の遮断メカニズム、感じたことありますか？






正直に教えてください🙋‍♀️"
2025-12-17,12:00,"干渉されない＝楽だが、無関心のサインと受け取ると孤独に変わる 相手の行動に「どうでもいい」という無関心が透けて見える 本当に欲しいのは「干渉」ではなく「関心を持たれている実感」






「干渉と関心の違い。パートナーに『ちゃんと見てる』を伝える小さな習慣」
具体的な方法はNoteで公開中。
#共働き / 結婚5年以上 / 軽度セックスレス #解決策"
2025-12-17,15:00,"「夫が私に干渉しなくなった。それは楽だけど、無関心なんだと思うと寂しい」 「ふと...
これ、あるあるですよね。
共感したら「いいね」お願いします。"
2025-12-17,17:00,"夕方のこの時間、ふと思います。
干渉されない＝楽だが、無関心のサインと受...
小さな変化が大事です。"
2025-12-17,20:00,"無関心による感情の遮断メカニズム。
その悩みを抱えているあなたへ。






「干渉と関心の違い。パートナーに『ちゃんと見てる』を伝える小さな習慣」
解決のための「3つのステップ」をNoteにまとめました。
▼記事はプロフのリンクから
#夜専用レス手前の会話レシピ"
2025-12-17,21:00,"夜のリビング。
「夫が私に干渉しなくなった。それは楽だけど、無関心なんだと思うと寂しい」 「ふと...
同じ気持ちの人、いますか？"
2025-12-17,22:00,"今日もお疲れ様でした。
干渉されない＝楽だが、無関心のサインと受...
おやすみなさい。"
2025-12-17,23:00,"明日は今日より少しだけ、心が軽くなりますように。
プロフの固定投稿もぜひ。
おやすみなさい。"
2025-12-18,07:00,"- フック案: 「休みの日くらいスマホより私を見てほしい、って思ったことありませんか？」






「休みの日くらいゆっくり話したいのに、彼はずっとスマホゲームかSNSを見ていて、...
自分の優先順位が低いと感じている 会話の減少とスキンシップの減少がセットになって不安を増幅 「このまま自然消滅するんじゃ…」という未来への恐怖
私の実体験はプロフの固定投稿へ。
#共働き / プチレス予備軍 #問題"
2025-12-18,08:00,"おはようございます。
休みの日もスマホばかりで話を聞いてくれないについて、ふと考えました。
今日も無理せずいきましょう。"
2025-12-18,10:00,"休みの日もスマホばかりで話を聞いてくれない、感じたことありますか？






正直に教えてください🙋‍♀️"
2025-12-18,12:00,"自分の優先順位が低いと感じている 会話の減少とスキンシップの減少がセットになって不安を増幅 「このまま自然消滅するんじゃ…」という未来への恐怖






- 章立て案: 「会話が減るカップルの共通点」「スマホより大事な時間を取り戻す3つの工夫」
具体的な方法はNoteで公開中。
#共働き / プチレス予備軍 #解決策"
2025-12-18,15:00,"「休みの日くらいゆっくり話したいのに、彼はずっとスマホゲームかSNSを見ていて、...
これ、あるあるですよね。
共感したら「いいね」お願いします。"
2025-12-18,17:00,"夕方のこの時間、ふと思います。
自分の優先順位が低いと感じている 会話の...
小さな変化が大事です。"
2025-12-18,20:00,"休みの日もスマホばかりで話を聞いてくれない。
その悩みを抱えているあなたへ。






- 章立て案: 「会話が減るカップルの共通点」「スマホより大事な時間を取り戻す3つの工夫」
解決のための「3つのステップ」をNoteにまとめました。
▼記事はプロフのリンクから
#夜専用レス手前の会話レシピ"
2025-12-18,21:00,"夜のリビング。
「休みの日くらいゆっくり話したいのに、彼はずっとスマホゲームかSNSを見ていて、...
同じ気持ちの人、いますか？"
2025-12-18,22:00,"今日もお疲れ様でした。
自分の優先順位が低いと感じている 会話の...
おやすみなさい。"
2025-12-18,23:00,"明日は今日より少しだけ、心が軽くなりますように。
プロフの固定投稿もぜひ。
おやすみなさい。"
2025-12-19,07:00,"「夫婦仲は悪くない。でも、どこか距離を感じ始めている30〜40代の皆さんへ。」






「30〜40代、同棲から結婚5年程度で、子どもや仕事に追われて精神的・時間的余裕...
喧嘩しているわけではなく「静かに冷めていく」タイプの危機（サイレント・クライシス） エネルギーが枯れているので、重いカウンセリングや大掛かりな改善策には動けない 「何とかしたい気持ちはあるが、今はそこまでの気力がない」グラデーションの中にいる
私の実体験はプロフの固定投稿へ。
#30〜40代 / 同棲〜結婚5年 / 子どもあり / プチレス予備軍 #信用"
2025-12-19,08:00,"おはようございます。
サイレント・クライシス下のプチレス予備軍について、ふと考えました。
今日も無理せずいきましょう。"
2025-12-19,10:00,"サイレント・クライシス下のプチレス予備軍、感じたことありますか？






正直に教えてください🙋‍♀️"
2025-12-19,12:00,"喧嘩しているわけではなく「静かに冷めていく」タイプの危機（サイレント・クライシス） エネルギーが枯れているので、重いカウンセリングや大掛かりな改善策には動けない 「何とかしたい気持ちはあるが、今はそこまでの気力がない」グラデーションの中にいる






「サイレント・クライシスとは何か？プチレス予備軍の夫婦に起きていること」
具体的な方法はNoteで公開中。
#30〜40代 / 同棲〜結婚5年 / 子どもあり / プチレス予備軍 #解決策"
2025-12-19,15:00,"「30〜40代、同棲から結婚5年程度で、子どもや仕事に追われて精神的・時間的余裕...
これ、あるあるですよね。
共感したら「いいね」お願いします。"
2025-12-19,17:00,"夕方のこの時間、ふと思います。
喧嘩しているわけではなく「静かに冷めてい...
小さな変化が大事です。"
2025-12-19,20:00,"サイレント・クライシス下のプチレス予備軍。
その悩みを抱えているあなたへ。






「サイレント・クライシスとは何か？プチレス予備軍の夫婦に起きていること」
解決のための「3つのステップ」をNoteにまとめました。
▼記事はプロフのリンクから
#夜専用レス手前の会話レシピ"
2025-12-19,21:00,"夜のリビング。
「30〜40代、同棲から結婚5年程度で、子どもや仕事に追われて精神的・時間的余裕...
同じ気持ちの人、いますか？"
2025-12-19,22:00,"今日もお疲れ様でした。
喧嘩しているわけではなく「静かに冷めてい...
おやすみなさい。"
2025-12-19,23:00,"明日は今日より少しだけ、心が軽くなりますように。
プロフの固定投稿もぜひ。
おやすみなさい。"
2025-12-20,07:00,"「このまま会話がないまま、子どもが巣立ったら——って、ふと想像してゾッとしたことありませんか？」






「このまま会話がないまま、子どもが巣立ったら、私たちどうなるんだろう」
「今この瞬間」の不満というより、「このまま続いた先の未来」への恐怖 共通の話題が子ども中心になっているほど、子育て終了後の空白が大きく感じられる 未来を一緒に描けていないことが、不安として積もっている
私の実体験はプロフの固定投稿へ。
#子どもあり / 結婚5年以上 / プチレス予備軍 #問題"
2025-12-20,08:00,"おはようございます。
子どもが巣立った後が怖い静かな不安について、ふと考えました。
今日も無理せずいきましょう。"
2025-12-20,10:00,"子どもが巣立った後が怖い静かな不安、感じたことありますか？






正直に教えてください🙋‍♀️"
2025-12-20,12:00,"「今この瞬間」の不満というより、「このまま続いた先の未来」への恐怖 共通の話題が子ども中心になっているほど、子育て終了後の空白が大きく感じられる 未来を一緒に描けていないことが、不安として積もっている






「子どもが巣立った後に夫婦が無言にならないための3つの準備」
具体的な方法はNoteで公開中。
#子どもあり / 結婚5年以上 / プチレス予備軍 #解決策"
2025-12-20,15:00,"「このまま会話がないまま、子どもが巣立ったら、私たちどうなるんだろう」
これ、あるあるですよね。
共感したら「いいね」お願いします。"
2025-12-20,17:00,"夕方のこの時間、ふと思います。
「今この瞬間」の不満というより、「このま...
小さな変化が大事です。"
2025-12-20,20:00,"子どもが巣立った後が怖い静かな不安。
その悩みを抱えているあなたへ。






「子どもが巣立った後に夫婦が無言にならないための3つの準備」
解決のための「3つのステップ」をNoteにまとめました。
▼記事はプロフのリンクから
#夜専用レス手前の会話レシピ"
2025-12-20,21:00,"夜のリビング。
「このまま会話がないまま、子どもが巣立ったら、私たちどうなるんだろう」
同じ気持ちの人、いますか？"
2025-12-20,22:00,"今日もお疲れ様でした。
「今この瞬間」の不満というより、「このま...
おやすみなさい。"
2025-12-20,23:00,"明日は今日より少しだけ、心が軽くなりますように。
プロフの固定投稿もぜひ。
おやすみなさい。"
2025-12-21,07:00,"「夫婦の会話、気づけば『子どもとゴミ出しの話』で8割埋まっていませんか？」






「会話の8割が子どもの話か、明日のゴミ出しの話。自分のことを話すのを忘れた」
夫婦の会話が「家族運営のための会議」になり、感情の共有がほぼゼロ 自分の好きなこと・悩み・小さな喜びを話す場がなくなり、「自分」だけが置き去り 話さない日々が続くほど、「今さら何から話していいか分からない」状態になる
私の実体験はプロフの固定投稿へ。
#共働き / 子どもあり / 家事育児多忙 #問題"
2025-12-21,08:00,"おはようございます。
会話がタスク報告だけになってしまった妻のモヤモヤについて、ふと考えました。
今日も無理せずいきましょう。"
2025-12-21,10:00,"会話がタスク報告だけになってしまった妻のモヤモヤ、感じたことありますか？






正直に教えてください🙋‍♀️"
2025-12-21,12:00,"夫婦の会話が「家族運営のための会議」になり、感情の共有がほぼゼロ 自分の好きなこと・悩み・小さな喜びを話す場がなくなり、「自分」だけが置き去り 話さない日々が続くほど、「今さら何から話していいか分からない」状態になる






「タスク報告だけの夫婦会話から、『自分の話』を取り戻すための小さな3ステップ」
具体的な方法はNoteで公開中。
#共働き / 子どもあり / 家事育児多忙 #解決策"
2025-12-21,15:00,"「会話の8割が子どもの話か、明日のゴミ出しの話。自分のことを話すのを忘れた」
これ、あるあるですよね。
共感したら「いいね」お願いします。"
2025-12-21,17:00,"夕方のこの時間、ふと思います。
夫婦の会話が「家族運営のための会議」にな...
小さな変化が大事です。"
2025-12-21,20:00,"会話がタスク報告だけになってしまった妻のモヤモヤ。
その悩みを抱えているあなたへ。






「タスク報告だけの夫婦会話から、『自分の話』を取り戻すための小さな3ステップ」
解決のための「3つのステップ」をNoteにまとめました。
▼記事はプロフのリンクから
#夜専用レス手前の会話レシピ"
2025-12-21,21:00,"夜のリビング。
「会話の8割が子どもの話か、明日のゴミ出しの話。自分のことを話すのを忘れた」
同じ気持ちの人、いますか？"
2025-12-21,22:00,"今日もお疲れ様でした。
夫婦の会話が「家族運営のための会議」にな...
おやすみなさい。"
2025-12-21,23:00,"明日は今日より少しだけ、心が軽くなりますように。
プロフの固定投稿もぜひ。
おやすみなさい。"
2025-12-22,07:00,"「同じリビングにいるのに、お互いイヤホン。『これってうちだけ？』と思ったことがある人へ。」






「夫婦でリビングにいるのに、お互いイヤホンをして別の世界にいる。」 「子どもが寝...
物理的には近くにいても、心理的には別々の世界にいる「家庭内別居状態」 直接的な喧嘩や言い争いがない分、「これって問題なのかな？」と自分でも判定しづらい でも心のどこかで「このまま距離が固定されるのは嫌だ」と感じている
私の実体験はプロフの固定投稿へ。
#共働き / 子どもあり / 倦怠期手前 #問題"
2025-12-22,08:00,"おはようございます。
同じ部屋にいても別世界にいるような孤独感について、ふと考えました。
今日も無理せずいきましょう。"
2025-12-22,10:00,"同じ部屋にいても別世界にいるような孤独感、感じたことありますか？






正直に教えてください🙋‍♀️"
2025-12-22,12:00,"物理的には近くにいても、心理的には別々の世界にいる「家庭内別居状態」 直接的な喧嘩や言い争いがない分、「これって問題なのかな？」と自分でも判定しづらい でも心のどこかで「このまま距離が固定されるのは嫌だ」と感じている






「スマホとイヤホンがつくる『見えない壁』を少しだけ薄くする習慣」
具体的な方法はNoteで公開中。
#共働き / 子どもあり / 倦怠期手前 #解決策"
2025-12-22,15:00,"「夫婦でリビングにいるのに、お互いイヤホンをして別の世界にいる。」 「子どもが寝...
これ、あるあるですよね。
共感したら「いいね」お願いします。"
2025-12-22,17:00,"夕方のこの時間、ふと思います。
物理的には近くにいても、心理的には別々の...
小さな変化が大事です。"
2025-12-22,20:00,"同じ部屋にいても別世界にいるような孤独感。
その悩みを抱えているあなたへ。






「スマホとイヤホンがつくる『見えない壁』を少しだけ薄くする習慣」
解決のための「3つのステップ」をNoteにまとめました。
▼記事はプロフのリンクから
#夜専用レス手前の会話レシピ"
2025-12-22,21:00,"夜のリビング。
「夫婦でリビングにいるのに、お互いイヤホンをして別の世界にいる。」 「子どもが寝...
同じ気持ちの人、いますか？"
2025-12-22,22:00,"今日もお疲れ様でした。
物理的には近くにいても、心理的には別々の...
おやすみなさい。"
2025-12-22,23:00,"明日は今日より少しだけ、心が軽くなりますように。
プロフの固定投稿もぜひ。
おやすみなさい。"
2025-12-23,07:00,"「最近、パートナーの『好きなこと』や『仕事の悩み』、ちゃんと知っていますか？」






「最近、夫の好きなことや仕事の悩みを全然知らない。知ろうとも思ってないかも。」
「関心を失っている自分」への罪悪感と、「でも疲れてるから仕方ない」という言い訳の間で揺れている パートナーの変化や成長に気づけなくなっている状態は、関係性の停滞のサイン 「知ろうとも思ってない」という自覚が、危機感として表面化している
私の実体験はプロフの固定投稿へ。
#共働き / 結婚3年以上 / 倦怠期手前 #問題"
2025-12-23,08:00,"おはようございます。
パートナーへの興味関心が薄れていく恐怖について、ふと考えました。
今日も無理せずいきましょう。"
2025-12-23,10:00,"パートナーへの興味関心が薄れていく恐怖、感じたことありますか？






正直に教えてください🙋‍♀️"
2025-12-23,12:00,"「関心を失っている自分」への罪悪感と、「でも疲れてるから仕方ない」という言い訳の間で揺れている パートナーの変化や成長に気づけなくなっている状態は、関係性の停滞のサイン 「知ろうとも思ってない」という自覚が、危機感として表面化している






「パートナーへの興味を取り戻すための、小さな3つの質問」
具体的な方法はNoteで公開中。
#共働き / 結婚3年以上 / 倦怠期手前 #解決策"
2025-12-23,15:00,"「最近、夫の好きなことや仕事の悩みを全然知らない。知ろうとも思ってないかも。」
これ、あるあるですよね。
共感したら「いいね」お願いします。"
2025-12-23,17:00,"夕方のこの時間、ふと思います。
「関心を失っている自分」への罪悪感と、「...
小さな変化が大事です。"
2025-12-23,20:00,"パートナーへの興味関心が薄れていく恐怖。
その悩みを抱えているあなたへ。






「パートナーへの興味を取り戻すための、小さな3つの質問」
解決のための「3つのステップ」をNoteにまとめました。
▼記事はプロフのリンクから
#夜専用レス手前の会話レシピ"
2025-12-23,21:00,"夜のリビング。
「最近、夫の好きなことや仕事の悩みを全然知らない。知ろうとも思ってないかも。」
同じ気持ちの人、いますか？"
2025-12-23,22:00,"今日もお疲れ様でした。
「関心を失っている自分」への罪悪感と、「...
おやすみなさい。"
2025-12-23,23:00,"明日は今日より少しだけ、心が軽くなりますように。
プロフの固定投稿もぜひ。
おやすみなさい。"
2025-12-24,07:00,"「『どうせ話してもわかってもらえない』って、諦めかけていませんか？」






「どうせ話しても伝わらないかも、って思って、大事なことも言わなくなった」
「どうせ」という諦めワードが出る時点で、コミュニケーションの断絶が深刻化している 大事なことを言わなくなる→すれ違いが増える→さらに言えなくなる、という悪循環 でも完全に諦めたわけではなく、「どうにかしたい」気持ちは残っている
私の実体験はプロフの固定投稿へ。
#共働き / 結婚5年以上 / 軽度セックスレス #問題"
2025-12-24,08:00,"おはようございます。
コミュニケーションへの諦めと無力感について、ふと考えました。
今日も無理せずいきましょう。"
2025-12-24,10:00,"コミュニケーションへの諦めと無力感、感じたことありますか？






正直に教えてください🙋‍♀️"
2025-12-24,12:00,"「どうせ」という諦めワードが出る時点で、コミュニケーションの断絶が深刻化している 大事なことを言わなくなる→すれ違いが増える→さらに言えなくなる、という悪循環 でも完全に諦めたわけではなく、「どうにかしたい」気持ちは残っている






「諦めかけた夫婦のコミュニケーションを、もう一度だけ試してみる方法」
具体的な方法はNoteで公開中。
#共働き / 結婚5年以上 / 軽度セックスレス #解決策"
2025-12-24,15:00,"「どうせ話しても伝わらないかも、って思って、大事なことも言わなくなった」
これ、あるあるですよね。
共感したら「いいね」お願いします。"
2025-12-24,17:00,"夕方のこの時間、ふと思います。
「どうせ」という諦めワードが出る時点で、...
小さな変化が大事です。"
2025-12-24,20:00,"コミュニケーションへの諦めと無力感。
その悩みを抱えているあなたへ。






「諦めかけた夫婦のコミュニケーションを、もう一度だけ試してみる方法」
解決のための「3つのステップ」をNoteにまとめました。
▼記事はプロフのリンクから
#夜専用レス手前の会話レシピ"
2025-12-24,21:00,"夜のリビング。
「どうせ話しても伝わらないかも、って思って、大事なことも言わなくなった」
同じ気持ちの人、いますか？"
2025-12-24,22:00,"今日もお疲れ様でした。
「どうせ」という諦めワードが出る時点で、...
おやすみなさい。"
2025-12-24,23:00,"明日は今日より少しだけ、心が軽くなりますように。
プロフの固定投稿もぜひ。
おやすみなさい。"
2025-12-25,07:00,"「スキンシップ、『いってらっしゃい』の軽いハグだけで終わっていませんか？」






「スキンシップが『いってらっしゃい』の軽いハグくらい。夜はもう、布団が別世界。」
「いってらっしゃい」のハグは、家族の儀礼であって恋人のスキンシップではない 布団が別世界＝物理的にも心理的にも距離がある状態の象徴 この「儀礼化」を自覚しているからこそ、寂しさが増幅される
私の実体験はプロフの固定投稿へ。
#子どもあり / 結婚5年以上 / プチレス予備軍 #問題"
2025-12-25,08:00,"おはようございます。
スキンシップが儀礼的になってしまった寂しさについて、ふと考えました。
今日も無理せずいきましょう。"
2025-12-25,10:00,"スキンシップが儀礼的になってしまった寂しさ、感じたことありますか？






正直に教えてください🙋‍♀️"
2025-12-25,12:00,"「いってらっしゃい」のハグは、家族の儀礼であって恋人のスキンシップではない 布団が別世界＝物理的にも心理的にも距離がある状態の象徴 この「儀礼化」を自覚しているからこそ、寂しさが増幅される






「布団が別世界になる前に。小さなスキンシップを取り戻す3つの工夫」
具体的な方法はNoteで公開中。
#子どもあり / 結婚5年以上 / プチレス予備軍 #解決策"
2025-12-25,15:00,"「スキンシップが『いってらっしゃい』の軽いハグくらい。夜はもう、布団が別世界。」
これ、あるあるですよね。
共感したら「いいね」お願いします。"
2025-12-25,17:00,"夕方のこの時間、ふと思います。
「いってらっしゃい」のハグは、家族の儀礼...
小さな変化が大事です。"
2025-12-25,20:00,"スキンシップが儀礼的になってしまった寂しさ。
その悩みを抱えているあなたへ。






「布団が別世界になる前に。小さなスキンシップを取り戻す3つの工夫」
解決のための「3つのステップ」をNoteにまとめました。
▼記事はプロフのリンクから
#夜専用レス手前の会話レシピ"
2025-12-25,21:00,"夜のリビング。
「スキンシップが『いってらっしゃい』の軽いハグくらい。夜はもう、布団が別世界。」
同じ気持ちの人、いますか？"
2025-12-25,22:00,"今日もお疲れ様でした。
「いってらっしゃい」のハグは、家族の儀礼...
おやすみなさい。"
2025-12-25,23:00,"明日は今日より少しだけ、心が軽くなりますように。
プロフの固定投稿もぜひ。
おやすみなさい。"
2025-12-26,07:00,"「パートナーからの誘い、『どうしよう』って身構えてしまうことありませんか？」






「夫から誘われたらどうしよう、って身構えちゃう。応えなきゃ、って義務感がある。」
「身構える」時点で、スキンシップが負担になっている 「応えなきゃ」という義務感が、本来喜びであるべき行為を苦痛に変えている 拒否すると罪悪感、応じると虚しさ、という二重の苦しさ
私の実体験はプロフの固定投稿へ。
#子どもあり / 産後 / プチレス予備軍 #問題"
2025-12-26,08:00,"おはようございます。
誘われることがプレッシャーになる苦しさについて、ふと考えました。
今日も無理せずいきましょう。"
2025-12-26,10:00,"誘われることがプレッシャーになる苦しさ、感じたことありますか？






正直に教えてください🙋‍♀️"
2025-12-26,12:00,"「身構える」時点で、スキンシップが負担になっている 「応えなきゃ」という義務感が、本来喜びであるべき行為を苦痛に変えている 拒否すると罪悪感、応じると虚しさ、という二重の苦しさ






「義務感で応じるスキンシップから、もう一度『したい』を取り戻すまでの道のり」
具体的な方法はNoteで公開中。
#子どもあり / 産後 / プチレス予備軍 #解決策"
2025-12-26,15:00,"「夫から誘われたらどうしよう、って身構えちゃう。応えなきゃ、って義務感がある。」
これ、あるあるですよね。
共感したら「いいね」お願いします。"
2025-12-26,17:00,"夕方のこの時間、ふと思います。
「身構える」時点で、スキンシップが負担に...
小さな変化が大事です。"
2025-12-26,20:00,"誘われることがプレッシャーになる苦しさ。
その悩みを抱えているあなたへ。






「義務感で応じるスキンシップから、もう一度『したい』を取り戻すまでの道のり」
解決のための「3つのステップ」をNoteにまとめました。
▼記事はプロフのリンクから
#夜専用レス手前の会話レシピ"
2025-12-26,21:00,"夜のリビング。
「夫から誘われたらどうしよう、って身構えちゃう。応えなきゃ、って義務感がある。」
同じ気持ちの人、いますか？"
2025-12-26,22:00,"今日もお疲れ様でした。
「身構える」時点で、スキンシップが負担に...
おやすみなさい。"
2025-12-26,23:00,"明日は今日より少しだけ、心が軽くなりますように。
プロフの固定投稿もぜひ。
おやすみなさい。"
2025-12-27,07:00,"「最近のデート、ホームセンターと買い物で終わっていませんか？」






「デート？最近行ったのはホームセンター。全然特別感がないんだよね。」
ホームセンターデートは「生活タスク」であって「二人の時間」ではない 「デート」という言葉を使うこと自体に違和感を覚えるほど、非日常が失われている 特別感のなさ＝「恋人」ではなく「生活パートナー」としてしか見られていない不満
私の実体験はプロフの固定投稿へ。
#同棲カップル / 結婚3年以上 / マンネリ #問題"
2025-12-27,08:00,"おはようございます。
デートに特別感がなくなった虚しさについて、ふと考えました。
今日も無理せずいきましょう。"
2025-12-27,10:00,"デートに特別感がなくなった虚しさ、感じたことありますか？






正直に教えてください🙋‍♀️"
2025-12-27,12:00,"ホームセンターデートは「生活タスク」であって「二人の時間」ではない 「デート」という言葉を使うこと自体に違和感を覚えるほど、非日常が失われている 特別感のなさ＝「恋人」ではなく「生活パートナー」としてしか見られていない不満






「ホームセンターデートから脱却。月1回の『特別な時間』を作る3つのアイデア」
具体的な方法はNoteで公開中。
#同棲カップル / 結婚3年以上 / マンネリ #解決策"
2025-12-27,15:00,"「デート？最近行ったのはホームセンター。全然特別感がないんだよね。」
これ、あるあるですよね。
共感したら「いいね」お願いします。"
2025-12-27,17:00,"夕方のこの時間、ふと思います。
ホームセンターデートは「生活タスク」であ...
小さな変化が大事です。"
2025-12-27,20:00,"デートに特別感がなくなった虚しさ。
その悩みを抱えているあなたへ。






「ホームセンターデートから脱却。月1回の『特別な時間』を作る3つのアイデア」
解決のための「3つのステップ」をNoteにまとめました。
▼記事はプロフのリンクから
#夜専用レス手前の会話レシピ"
2025-12-27,21:00,"夜のリビング。
「デート？最近行ったのはホームセンター。全然特別感がないんだよね。」
同じ気持ちの人、いますか？"
2025-12-27,22:00,"今日もお疲れ様でした。
ホームセンターデートは「生活タスク」であ...
おやすみなさい。"
2025-12-27,23:00,"明日は今日より少しだけ、心が軽くなりますように。
プロフの固定投稿もぜひ。
おやすみなさい。"
2025-12-28,07:00,"「子どもが寝た後、隣でスマホを見ている背中——もう習慣になっていませんか？」






「子どもが寝た後、隣で夫がスマホを見ている背中を見るのが、もう習慣になってしまっ...
「習慣になってしまった」という言葉に、諦めと慣れが混在している 本来は二人の時間になるはずの「子どもが寝た後」が、孤独の時間になっている 背中を見る＝向き合ってもらえない象徴
私の実体験はプロフの固定投稿へ。
#共働き / 子どもあり / プチレス予備軍 #問題"
2025-12-28,08:00,"おはようございます。
スマホに逃避する夜の習慣について、ふと考えました。
今日も無理せずいきましょう。"
2025-12-28,10:00,"スマホに逃避する夜の習慣、感じたことありますか？






正直に教えてください🙋‍♀️"
2025-12-28,12:00,"「習慣になってしまった」という言葉に、諦めと慣れが混在している 本来は二人の時間になるはずの「子どもが寝た後」が、孤独の時間になっている 背中を見る＝向き合ってもらえない象徴






「スマホに逃げる夜の習慣を、少しだけ変える3つの声かけ」
具体的な方法はNoteで公開中。
#共働き / 子どもあり / プチレス予備軍 #解決策"
2025-12-28,15:00,"「子どもが寝た後、隣で夫がスマホを見ている背中を見るのが、もう習慣になってしまっ...
これ、あるあるですよね。
共感したら「いいね」お願いします。"
2025-12-28,17:00,"夕方のこの時間、ふと思います。
「習慣になってしまった」という言葉に、諦...
小さな変化が大事です。"
2025-12-28,20:00,"スマホに逃避する夜の習慣。
その悩みを抱えているあなたへ。






「スマホに逃げる夜の習慣を、少しだけ変える3つの声かけ」
解決のための「3つのステップ」をNoteにまとめました。
▼記事はプロフのリンクから
#夜専用レス手前の会話レシピ"
2025-12-28,21:00,"夜のリビング。
「子どもが寝た後、隣で夫がスマホを見ている背中を見るのが、もう習慣になってしまっ...
同じ気持ちの人、いますか？"
2025-12-28,22:00,"今日もお疲れ様でした。
「習慣になってしまった」という言葉に、諦...
おやすみなさい。"
2025-12-28,23:00,"明日は今日より少しだけ、心が軽くなりますように。
プロフの固定投稿もぜひ。
おやすみなさい。"
2025-12-29,07:00,"「パートナーが干渉しなくなった。楽だけど、無関心に見えて寂しい——そう感じたことありませんか？」






「夫が私に干渉しなくなった。それは楽だけど、無関心なんだと思うと寂しい」
「楽」と「寂しい」が同居する複雑な感情 干渉されないこと自体は悪くないが、「関心がない」サインとして受け取られると孤独に変わる 本当に欲しいのは「干渉」ではなく「関心を持たれている実感」
私の実体験はプロフの固定投稿へ。
#共働き / 結婚5年以上 / 軽度セックスレス #問題"
2025-12-29,08:00,"おはようございます。
干渉されない楽さと無関心の寂しさの狭間について、ふと考えました。
今日も無理せずいきましょう。"
2025-12-29,10:00,"干渉されない楽さと無関心の寂しさの狭間、感じたことありますか？






正直に教えてください🙋‍♀️"
2025-12-29,12:00,"「楽」と「寂しい」が同居する複雑な感情 干渉されないこと自体は悪くないが、「関心がない」サインとして受け取られると孤独に変わる 本当に欲しいのは「干渉」ではなく「関心を持たれている実感」






「干渉と関心の違い。パートナーに『ちゃんと見てる』を伝える小さな習慣」
具体的な方法はNoteで公開中。
#共働き / 結婚5年以上 / 軽度セックスレス #解決策"
2025-12-29,15:00,"「夫が私に干渉しなくなった。それは楽だけど、無関心なんだと思うと寂しい」
これ、あるあるですよね。
共感したら「いいね」お願いします。"
2025-12-29,17:00,"夕方のこの時間、ふと思います。
「楽」と「寂しい」が同居する複雑な感情 ...
小さな変化が大事です。"
2025-12-29,20:00,"干渉されない楽さと無関心の寂しさの狭間。
その悩みを抱えているあなたへ。






「干渉と関心の違い。パートナーに『ちゃんと見てる』を伝える小さな習慣」
解決のための「3つのステップ」をNoteにまとめました。
▼記事はプロフのリンクから
#夜専用レス手前の会話レシピ"
2025-12-29,21:00,"夜のリビング。
「夫が私に干渉しなくなった。それは楽だけど、無関心なんだと思うと寂しい」
同じ気持ちの人、いますか？"
2025-12-29,22:00,"今日もお疲れ様でした。
「楽」と「寂しい」が同居する複雑な感情 ...
おやすみなさい。"
2025-12-29,23:00,"明日は今日より少しだけ、心が軽くなりますように。
プロフの固定投稿もぜひ。
おやすみなさい。"
2025-12-30,07:00,"「パートナーから抱きしめられたとき、『あ、邪魔』って思ってしまったことありませんか？」






健司(36歳SE)、裕子(35歳パート)。5歳の子ども1人、結婚4年目。 土曜の...
スキンシップをプレッシャーと感じているわけではないが、タスクモードで「邪魔」と反応してしまう 悪気はないが、後から「冷たくしすぎたかも」と罪悪感を感じる まだ「何とかしたい」という気持ちは残っている段階
私の実体験はプロフの固定投稿へ。
#結婚4年 / 子どもあり / プチレス予備軍 #問題"
2025-12-30,08:00,"おはようございます。
レベル1（プチレス予備軍）— 土曜の朝のキッチンについて、ふと考えました。
今日も無理せずいきましょう。"
2025-12-30,10:00,"レベル1（プチレス予備軍）— 土曜の朝のキッチン、感じたことありますか？






正直に教えてください🙋‍♀️"
2025-12-30,12:00,"スキンシップをプレッシャーと感じているわけではないが、タスクモードで「邪魔」と反応してしまう 悪気はないが、後から「冷たくしすぎたかも」と罪悪感を感じる まだ「何とかしたい」という気持ちは残っている段階






「『邪魔』と言ってしまう妻と、拒まれる夫。プチレス予備軍が取り戻す3つの工夫」
具体的な方法はNoteで公開中。
#結婚4年 / 子どもあり / プチレス予備軍 #解決策"
2025-12-30,15:00,"健司(36歳SE)、裕子(35歳パート)。5歳の子ども1人、結婚4年目。 土曜の...
これ、あるあるですよね。
共感したら「いいね」お願いします。"
2025-12-30,17:00,"夕方のこの時間、ふと思います。
スキンシップをプレッシャーと感じているわ...
小さな変化が大事です。"
2025-12-30,20:00,"レベル1（プチレス予備軍）— 土曜の朝のキッチン。
その悩みを抱えているあなたへ。






「『邪魔』と言ってしまう妻と、拒まれる夫。プチレス予備軍が取り戻す3つの工夫」
解決のための「3つのステップ」をNoteにまとめました。
▼記事はプロフのリンクから
#夜専用レス手前の会話レシピ"
2025-12-30,21:00,"夜のリビング。
健司(36歳SE)、裕子(35歳パート)。5歳の子ども1人、結婚4年目。 土曜の...
同じ気持ちの人、いますか？"
2025-12-30,22:00,"今日もお疲れ様でした。
スキンシップをプレッシャーと感じているわ...
おやすみなさい。"
2025-12-30,23:00,"明日は今日より少しだけ、心が軽くなりますように。
プロフの固定投稿もぜひ。
おやすみなさい。"
2025-12-31,07:00,"「パートナーの優しさが、疲れすぎて『重い』と感じてしまう夜ありませんか？」






遥(40歳マーケマネ)、拓哉(39歳リモート)。7歳の子ども1人、結婚5年目。 ...
月1回あるかどうかの関係で、距離を実感している 改善の努力が報われず、感情的な投資を停止し始める 「どうせ無理だろう」という諦めが芽生え始めている
私の実体験はプロフの固定投稿へ。
#結婚5年 / 子どもあり / 軽度セックスレス #問題"
2025-12-31,08:00,"おはようございます。
レベル2（軽度セックスレス）— 水曜の夜の空回りについて、ふと考えました。
今日も無理せずいきましょう。"
2025-12-31,10:00,"レベル2（軽度セックスレス）— 水曜の夜の空回り、感じたことありますか？






正直に教えてください🙋‍♀️"
2025-12-31,12:00,"月1回あるかどうかの関係で、距離を実感している 改善の努力が報われず、感情的な投資を停止し始める 「どうせ無理だろう」という諦めが芽生え始めている






「努力が空回りする夫と、受け止められない妻。軽度セックスレスから抜け出す道のり」
具体的な方法はNoteで公開中。
#結婚5年 / 子どもあり / 軽度セックスレス #解決策"
2025-12-31,15:00,"遥(40歳マーケマネ)、拓哉(39歳リモート)。7歳の子ども1人、結婚5年目。 ...
これ、あるあるですよね。
共感したら「いいね」お願いします。"
2025-12-31,17:00,"夕方のこの時間、ふと思います。
月1回あるかどうかの関係で、距離を実感し...
小さな変化が大事です。"
2025-12-31,20:00,"レベル2（軽度セックスレス）— 水曜の夜の空回り。
その悩みを抱えているあなたへ。






「努力が空回りする夫と、受け止められない妻。軽度セックスレスから抜け出す道のり」
解決のための「3つのステップ」をNoteにまとめました。
▼記事はプロフのリンクから
#夜専用レス手前の会話レシピ"
2025-12-31,21:00,"夜のリビング。
遥(40歳マーケマネ)、拓哉(39歳リモート)。7歳の子ども1人、結婚5年目。 ...
同じ気持ちの人、いますか？"
2025-12-31,22:00,"今日もお疲れ様でした。
月1回あるかどうかの関係で、距離を実感し...
おやすみなさい。"
2025-12-31,23:00,"明日は今日より少しだけ、心が軽くなりますように。
プロフの固定投稿もぜひ。
おやすみなさい。"
2026-01-01,07:00,"「家族で公園にいるのに、お互いスマホとイヤホン。『これでいいのかな』って思ったことありませんか？」






大地(38歳公務員)、真菜(37歳専業主婦)。3歳と6歳の子ども、結婚8年目。 ...
スキンシップはほぼゼロ、会話も必要最低限 この距離感を波風の立たない「平和」として受容している 関係修復へのエネルギーは枯渇しているが、離婚は考えていない
私の実体験はプロフの固定投稿へ。
#結婚8年 / 子ども2人 / 重度プチレス #問題"
2026-01-01,08:00,"おはようございます。
レベル3（諦めかけ）— 日曜の公園ベンチについて、ふと考えました。
今日も無理せずいきましょう。"
2026-01-01,10:00,"レベル3（諦めかけ）— 日曜の公園ベンチ、感じたことありますか？






正直に教えてください🙋‍♀️"
2026-01-01,12:00,"スキンシップはほぼゼロ、会話も必要最低限 この距離感を波風の立たない「平和」として受容している 関係修復へのエネルギーは枯渇しているが、離婚は考えていない






「『共同管理者』になった夫婦が、もう一度『パートナー』に戻るための最初の一歩」
具体的な方法はNoteで公開中。
#結婚8年 / 子ども2人 / 重度プチレス #解決策"
2026-01-01,15:00,"大地(38歳公務員)、真菜(37歳専業主婦)。3歳と6歳の子ども、結婚8年目。 ...
これ、あるあるですよね。
共感したら「いいね」お願いします。"
2026-01-01,17:00,"夕方のこの時間、ふと思います。
スキンシップはほぼゼロ、会話も必要最低限...
小さな変化が大事です。"
2026-01-01,20:00,"レベル3（諦めかけ）— 日曜の公園ベンチ。
その悩みを抱えているあなたへ。






「『共同管理者』になった夫婦が、もう一度『パートナー』に戻るための最初の一歩」
解決のための「3つのステップ」をNoteにまとめました。
▼記事はプロフのリンクから
#夜専用レス手前の会話レシピ"
2026-01-01,21:00,"夜のリビング。
大地(38歳公務員)、真菜(37歳専業主婦)。3歳と6歳の子ども、結婚8年目。 ...
同じ気持ちの人、いますか？"
2026-01-01,22:00,"今日もお疲れ様でした。
スキンシップはほぼゼロ、会話も必要最低限...
おやすみなさい。"
2026-01-01,23:00,"明日は今日より少しだけ、心が軽くなりますように。
プロフの固定投稿もぜひ。
おやすみなさい。"
2026-01-02,07:00,"「『夫婦 会話 増やす』で検索したことがある人へ。本当に必要なのは量より質です。」







最も検索ボリュームが多く、ユーザーが最初に取り組む領域 「〜する方法」「〜のルール」など、低エネルギーで実践できる解決策を求めている 会話が改善すれば他の問題も連鎖的に改善する可能性がある
私の実体験はプロフの固定投稿へ。
#ロングテールSEO / 実践的解決策 #手段"
2026-01-02,08:00,"おはようございます。
会話・コミュニケーション改善クラスターについて、ふと考えました。
今日も無理せずいきましょう。"
2026-01-02,10:00,"会話・コミュニケーション改善クラスター、感じたことありますか？






正直に教えてください🙋‍♀️"
2026-01-02,12:00,"最も検索ボリュームが多く、ユーザーが最初に取り組む領域 「〜する方法」「〜のルール」など、低エネルギーで実践できる解決策を求めている 会話が改善すれば他の問題も連鎖的に改善する可能性がある






「夫婦会話を増やす7つの方法」
具体的な方法はNoteで公開中。
#ロングテールSEO / 実践的解決策 #解決策"
2026-01-02,15:00,"これ、あるあるですよね。
共感したら「いいね」お願いします。"
2026-01-02,17:00,"夕方のこの時間、ふと思います。
最も検索ボリュームが多く、ユーザーが最初...
小さな変化が大事です。"
2026-01-02,20:00,"会話・コミュニケーション改善クラスター。
その悩みを抱えているあなたへ。






「夫婦会話を増やす7つの方法」
解決のための「3つのステップ」をNoteにまとめました。
▼記事はプロフのリンクから
#夜専用レス手前の会話レシピ"
2026-01-02,21:00,"夜のリビング。

同じ気持ちの人、いますか？"
2026-01-02,22:00,"今日もお疲れ様でした。
最も検索ボリュームが多く、ユーザーが最初...
おやすみなさい。"
2026-01-02,23:00,"明日は今日より少しだけ、心が軽くなりますように。
プロフの固定投稿もぜひ。
おやすみなさい。"
2026-01-03,07:00,"「『妻 誘い方 成功』で検索したことがある夫へ。誘う前にやるべきことがあります。」







繊細で言いづらい悩みだからこそ、検索に頼る 「プチレス」「手前」など、まだ深刻化していないニュアンスを選ぶ 拒否の怖さ・義務感の疲れなど、両方の視点が混在している
私の実体験はプロフの固定投稿へ。
#ロングテールSEO / プチレス対策 #手段"
2026-01-03,08:00,"おはようございます。
レス対策・スキンシップクラスターについて、ふと考えました。
今日も無理せずいきましょう。"
2026-01-03,10:00,"レス対策・スキンシップクラスター、感じたことありますか？






正直に教えてください🙋‍♀️"
2026-01-03,12:00,"繊細で言いづらい悩みだからこそ、検索に頼る 「プチレス」「手前」など、まだ深刻化していないニュアンスを選ぶ 拒否の怖さ・義務感の疲れなど、両方の視点が混在している






「プチレス手前の夫婦が知っておくべき、誘い方とタイミングの全て」
具体的な方法はNoteで公開中。
#ロングテールSEO / プチレス対策 #解決策"
2026-01-03,15:00,"これ、あるあるですよね。
共感したら「いいね」お願いします。"
2026-01-03,17:00,"夕方のこの時間、ふと思います。
繊細で言いづらい悩みだからこそ、検索に頼...
小さな変化が大事です。"
2026-01-03,20:00,"レス対策・スキンシップクラスター。
その悩みを抱えているあなたへ。






「プチレス手前の夫婦が知っておくべき、誘い方とタイミングの全て」
解決のための「3つのステップ」をNoteにまとめました。
▼記事はプロフのリンクから
#夜専用レス手前の会話レシピ"
2026-01-03,21:00,"夜のリビング。

同じ気持ちの人、いますか？"
2026-01-03,22:00,"今日もお疲れ様でした。
繊細で言いづらい悩みだからこそ、検索に頼...
おやすみなさい。"
2026-01-03,23:00,"明日は今日より少しだけ、心が軽くなりますように。
プロフの固定投稿もぜひ。
おやすみなさい。"
2026-01-04,07:00,"「『夫婦 デート どこ』で検索している人へ。場所よりも大事なことがあります。」







「マンネリ」「倦怠期」という言葉で問題を定義している段階 デート先・趣味共有など、具体的なアクションを求めている 別行動が増えている現状を変えたいという前向きな意欲
私の実体験はプロフの固定投稿へ。
#ロングテールSEO / デート・趣味共有 #手段"
2026-01-04,08:00,"おはようございます。
マンネリ解消・関係性の再構築クラスターについて、ふと考えました。
今日も無理せずいきましょう。"
2026-01-04,10:00,"マンネリ解消・関係性の再構築クラスター、感じたことありますか？






正直に教えてください🙋‍♀️"
2026-01-04,12:00,"「マンネリ」「倦怠期」という言葉で問題を定義している段階 デート先・趣味共有など、具体的なアクションを求めている 別行動が増えている現状を変えたいという前向きな意欲






「結婚5年の倦怠期を乗り越える、マンネリ解消デート7選」
具体的な方法はNoteで公開中。
#ロングテールSEO / デート・趣味共有 #解決策"
2026-01-04,15:00,"これ、あるあるですよね。
共感したら「いいね」お願いします。"
2026-01-04,17:00,"夕方のこの時間、ふと思います。
「マンネリ」「倦怠期」という言葉で問題を...
小さな変化が大事です。"
2026-01-04,20:00,"マンネリ解消・関係性の再構築クラスター。
その悩みを抱えているあなたへ。






「結婚5年の倦怠期を乗り越える、マンネリ解消デート7選」
解決のための「3つのステップ」をNoteにまとめました。
▼記事はプロフのリンクから
#夜専用レス手前の会話レシピ"
2026-01-04,21:00,"夜のリビング。

同じ気持ちの人、いますか？"
2026-01-04,22:00,"今日もお疲れ様でした。
「マンネリ」「倦怠期」という言葉で問題を...
おやすみなさい。"
2026-01-04,23:00,"明日は今日より少しだけ、心が軽くなりますように。
プロフの固定投稿もぜひ。
おやすみなさい。"
2026-01-05,07:00,"「『仕事 育児 夫婦仲』で検索した人へ。疲れているのは、あなただけじゃありません。」







仕事・育児の疲労が夫婦仲を直撃していることを自覚している 協力的でない配偶者への不満とストレス スマホが喧嘩の原因になっている現代的な問題
私の実体験はプロフの固定投稿へ。
#ロングテールSEO / 疲弊・ストレス軽減 #問題"
2026-01-05,08:00,"おはようございます。
疲労・ストレス対処クラスターについて、ふと考えました。
今日も無理せずいきましょう。"
2026-01-05,10:00,"疲労・ストレス対処クラスター、感じたことありますか？






正直に教えてください🙋‍♀️"
2026-01-05,12:00,"仕事・育児の疲労が夫婦仲を直撃していることを自覚している 協力的でない配偶者への不満とストレス スマホが喧嘩の原因になっている現代的な問題






「仕事と育児で疲れ切った夫婦が、夫婦仲を守るための5つの習慣」
具体的な方法はNoteで公開中。
#ロングテールSEO / 疲弊・ストレス軽減 #解決策"
2026-01-05,15:00,"これ、あるあるですよね。
共感したら「いいね」お願いします。"
2026-01-05,17:00,"夕方のこの時間、ふと思います。
仕事・育児の疲労が夫婦仲を直撃しているこ...
小さな変化が大事です。"
2026-01-05,20:00,"疲労・ストレス対処クラスター。
その悩みを抱えているあなたへ。






「仕事と育児で疲れ切った夫婦が、夫婦仲を守るための5つの習慣」
解決のための「3つのステップ」をNoteにまとめました。
▼記事はプロフのリンクから
#夜専用レス手前の会話レシピ"
2026-01-05,21:00,"夜のリビング。

同じ気持ちの人、いますか？"
2026-01-05,22:00,"今日もお疲れ様でした。
仕事・育児の疲労が夫婦仲を直撃しているこ...
おやすみなさい。"
2026-01-05,23:00,"明日は今日より少しだけ、心が軽くなりますように。
プロフの固定投稿もぜひ。
おやすみなさい。"
2026-01-06,07:00,"「『夫婦仲 諦めたくない』で検索したあなたへ。その気持ちがあれば、まだ大丈夫です。」







不安・寂しさ・冷え込みなど、感情ワードが検索に現れている 「諦めたくない」という切実な気持ちが透けて見える 「自分から」という言葉に、相手を変えられない現実の受容
私の実体験はプロフの固定投稿へ。
#ロングテールSEO / 感情・不安の言語化 #問題"
2026-01-06,08:00,"おはようございます。
心理的不安の解消クラスターについて、ふと考えました。
今日も無理せずいきましょう。"
2026-01-06,10:00,"心理的不安の解消クラスター、感じたことありますか？






正直に教えてください🙋‍♀️"
2026-01-06,12:00,"不安・寂しさ・冷え込みなど、感情ワードが検索に現れている 「諦めたくない」という切実な気持ちが透けて見える 「自分から」という言葉に、相手を変えられない現実の受容






「夫婦の会話がない不安を解消するための、自分から始める3つの行動」
具体的な方法はNoteで公開中。
#ロングテールSEO / 感情・不安の言語化 #解決策"
2026-01-06,15:00,"これ、あるあるですよね。
共感したら「いいね」お願いします。"
2026-01-06,17:00,"夕方のこの時間、ふと思います。
不安・寂しさ・冷え込みなど、感情ワードが...
小さな変化が大事です。"
2026-01-06,20:00,"心理的不安の解消クラスター。
その悩みを抱えているあなたへ。






「夫婦の会話がない不安を解消するための、自分から始める3つの行動」
解決のための「3つのステップ」をNoteにまとめました。
▼記事はプロフのリンクから
#夜専用レス手前の会話レシピ"
2026-01-06,21:00,"夜のリビング。

同じ気持ちの人、いますか？"
2026-01-06,22:00,"今日もお疲れ様でした。
不安・寂しさ・冷え込みなど、感情ワードが...
おやすみなさい。"
2026-01-06,23:00,"明日は今日より少しだけ、心が軽くなりますように。
プロフの固定投稿もぜひ。
おやすみなさい。"
2026-01-07,07:00,"「ふとした瞬間に『自分に興味持たれてないかも』って、孤独感が襲ってきたことありませんか？」






「ふとした瞬間に『自分に興味を持たれていないのかも』という孤独感が襲ってくる」
「ふとした瞬間」という不意打ち性が、この孤独感の特徴 会話や視線が合わない日常の積み重ねが、突然の不安として表面化する 「興味を持たれていない」＝自分の価値が認められていないという深い不安
私の実体験はプロフの固定投稿へ。
#共働き / 結婚3年以上 / プチレス予備軍 #問題"
2026-01-07,08:00,"おはようございます。
突然襲ってくる孤独感の瞬間について、ふと考えました。
今日も無理せずいきましょう。"
2026-01-07,10:00,"突然襲ってくる孤独感の瞬間、感じたことありますか？






正直に教えてください🙋‍♀️"
2026-01-07,12:00,"「ふとした瞬間」という不意打ち性が、この孤独感の特徴 会話や視線が合わない日常の積み重ねが、突然の不安として表面化する 「興味を持たれていない」＝自分の価値が認められていないという深い不安






「突然襲ってくる孤独感の正体と、パートナーに『ちゃんと見てる』を伝え合う方法」
具体的な方法はNoteで公開中。
#共働き / 結婚3年以上 / プチレス予備軍 #解決策"
2026-01-07,15:00,"「ふとした瞬間に『自分に興味を持たれていないのかも』という孤独感が襲ってくる」
これ、あるあるですよね。
共感したら「いいね」お願いします。"
2026-01-07,17:00,"夕方のこの時間、ふと思います。
「ふとした瞬間」という不意打ち性が、この...
小さな変化が大事です。"
2026-01-07,20:00,"突然襲ってくる孤独感の瞬間。
その悩みを抱えているあなたへ。






「突然襲ってくる孤独感の正体と、パートナーに『ちゃんと見てる』を伝え合う方法」
解決のための「3つのステップ」をNoteにまとめました。
▼記事はプロフのリンクから
#夜専用レス手前の会話レシピ"
2026-01-07,21:00,"夜のリビング。
「ふとした瞬間に『自分に興味を持たれていないのかも』という孤独感が襲ってくる」
同じ気持ちの人、いますか？"
2026-01-07,22:00,"今日もお疲れ様でした。
「ふとした瞬間」という不意打ち性が、この...
おやすみなさい。"
2026-01-07,23:00,"明日は今日より少しだけ、心が軽くなりますように。
プロフの固定投稿もぜひ。
おやすみなさい。"
2026-01-08,07:00,"「お互い疲れすぎて、夜に話しかけるのすらプレッシャーになってませんか？」






「お互い疲れてるのを知ってるから、夜に誘うのがプレッシャーで言えなくなった。」 ...
疲労が「受動的回避」を引き起こし、本来ポジティブな行動（会話・スキンシップ）すら避けるようになる 結婚5年以上の夫婦の会話時間は1日平均54.5分（理想から30分不足）というデータも スマホ逃避・早期就寝は、疲労による自然な防衛反応
私の実体験はプロフの固定投稿へ。
#共働き / 子どもあり / 家事育児偏重 #問題"
2026-01-08,08:00,"おはようございます。
仕事と育児による時間的・物理的疲弊メカニズムについて、ふと考えました。
今日も無理せずいきましょう。"
2026-01-08,10:00,"仕事と育児による時間的・物理的疲弊メカニズム、感じたことありますか？






正直に教えてください🙋‍♀️"
2026-01-08,12:00,"疲労が「受動的回避」を引き起こし、本来ポジティブな行動（会話・スキンシップ）すら避けるようになる 結婚5年以上の夫婦の会話時間は1日平均54.5分（理想から30分不足）というデータも スマホ逃避・早期就寝は、疲労による自然な防衛反応






「疲れ切った夫婦が、会話とスキンシップを『タスク』にしないための3つの工夫」
具体的な方法はNoteで公開中。
#共働き / 子どもあり / 家事育児偏重 #解決策"
2026-01-08,15:00,"「お互い疲れてるのを知ってるから、夜に誘うのがプレッシャーで言えなくなった。」 ...
これ、あるあるですよね。
共感したら「いいね」お願いします。"
2026-01-08,17:00,"夕方のこの時間、ふと思います。
疲労が「受動的回避」を引き起こし、本来ポ...
小さな変化が大事です。"
2026-01-08,20:00,"仕事と育児による時間的・物理的疲弊メカニズム。
その悩みを抱えているあなたへ。






「疲れ切った夫婦が、会話とスキンシップを『タスク』にしないための3つの工夫」
解決のための「3つのステップ」をNoteにまとめました。
▼記事はプロフのリンクから
#夜専用レス手前の会話レシピ"
2026-01-08,21:00,"夜のリビング。
「お互い疲れてるのを知ってるから、夜に誘うのがプレッシャーで言えなくなった。」 ...
同じ気持ちの人、いますか？"
2026-01-08,22:00,"今日もお疲れ様でした。
疲労が「受動的回避」を引き起こし、本来ポ...
おやすみなさい。"
2026-01-08,23:00,"明日は今日より少しだけ、心が軽くなりますように。
プロフの固定投稿もぜひ。
おやすみなさい。"
2026-01-09,07:00,"「夫婦の会話、『子どもとゴミ出し』で97%埋まっていませんか？」






「会話の8割が子どもの話か、明日のゴミ出しの話。自分のことを話すのを忘れた」 「...
「夫婦2人の将来」といった深い話題が完全に欠落している 連絡事項だけの会話＝感情の交流ゼロ＝関係性の空洞化 「どうせ伝わらない」という諦めが、会話の質をさらに低下させる悪循環
私の実体験はプロフの固定投稿へ。
#共働き / 子どもあり / コミュニケーション停滞 #問題"
2026-01-09,08:00,"おはようございます。
会話の質の低下と形式化メカニズムについて、ふと考えました。
今日も無理せずいきましょう。"
2026-01-09,10:00,"会話の質の低下と形式化メカニズム、感じたことありますか？






正直に教えてください🙋‍♀️"
2026-01-09,12:00,"「夫婦2人の将来」といった深い話題が完全に欠落している 連絡事項だけの会話＝感情の交流ゼロ＝関係性の空洞化 「どうせ伝わらない」という諦めが、会話の質をさらに低下させる悪循環






「タスク報告だけの会話から、『感情の交流』を取り戻す5分ルール」
具体的な方法はNoteで公開中。
#共働き / 子どもあり / コミュニケーション停滞 #解決策"
2026-01-09,15:00,"「会話の8割が子どもの話か、明日のゴミ出しの話。自分のことを話すのを忘れた」 「...
これ、あるあるですよね。
共感したら「いいね」お願いします。"
2026-01-09,17:00,"夕方のこの時間、ふと思います。
「夫婦2人の将来」といった深い話題が完全...
小さな変化が大事です。"
2026-01-09,20:00,"会話の質の低下と形式化メカニズム。
その悩みを抱えているあなたへ。






「タスク報告だけの会話から、『感情の交流』を取り戻す5分ルール」
解決のための「3つのステップ」をNoteにまとめました。
▼記事はプロフのリンクから
#夜専用レス手前の会話レシピ"
2026-01-09,21:00,"夜のリビング。
「会話の8割が子どもの話か、明日のゴミ出しの話。自分のことを話すのを忘れた」 「...
同じ気持ちの人、いますか？"
2026-01-09,22:00,"今日もお疲れ様でした。
「夫婦2人の将来」といった深い話題が完全...
おやすみなさい。"
2026-01-09,23:00,"明日は今日より少しだけ、心が軽くなりますように。
プロフの固定投稿もぜひ。
おやすみなさい。"
2026-01-10,07:00,"「最近のデート、ホームセンターと買い物で終わってませんか？」






「デート？最近行ったのはホームセンター。全然特別感がないんだよね。」 「結婚5年...
記念日や週末に特別な計画を立てる意欲がない パートナーより友達との時間を優先しがち 「戦友」という表現に、恋愛感情の希薄化が現れている
私の実体験はプロフの固定投稿へ。
#同棲カップル / 結婚3年以上 / マンネリ / 倦怠期 #問題"
2026-01-10,08:00,"おはようございます。
恋人としての役割の消滅（マンネリ）メカニズムについて、ふと考えました。
今日も無理せずいきましょう。"
2026-01-10,10:00,"恋人としての役割の消滅（マンネリ）メカニズム、感じたことありますか？






正直に教えてください🙋‍♀️"
2026-01-10,12:00,"記念日や週末に特別な計画を立てる意欲がない パートナーより友達との時間を優先しがち 「戦友」という表現に、恋愛感情の希薄化が現れている






「『戦友』から『恋人』に戻るための、月1回の特別な時間の作り方」
具体的な方法はNoteで公開中。
#同棲カップル / 結婚3年以上 / マンネリ / 倦怠期 #解決策"
2026-01-10,15:00,"「デート？最近行ったのはホームセンター。全然特別感がないんだよね。」 「結婚5年...
これ、あるあるですよね。
共感したら「いいね」お願いします。"
2026-01-10,17:00,"夕方のこの時間、ふと思います。
記念日や週末に特別な計画を立てる意欲がな...
小さな変化が大事です。"
2026-01-10,20:00,"恋人としての役割の消滅（マンネリ）メカニズム。
その悩みを抱えているあなたへ。






「『戦友』から『恋人』に戻るための、月1回の特別な時間の作り方」
解決のための「3つのステップ」をNoteにまとめました。
▼記事はプロフのリンクから
#夜専用レス手前の会話レシピ"
2026-01-10,21:00,"夜のリビング。
「デート？最近行ったのはホームセンター。全然特別感がないんだよね。」 「結婚5年...
同じ気持ちの人、いますか？"
2026-01-10,22:00,"今日もお疲れ様でした。
記念日や週末に特別な計画を立てる意欲がな...
おやすみなさい。"
2026-01-10,23:00,"明日は今日より少しだけ、心が軽くなりますように。
プロフの固定投稿もぜひ。
おやすみなさい。"
2026-01-11,07:00,"「パートナーからの誘い、『どうしよう』って身構えてしまうことありませんか？」






「夫から誘われたらどうしよう、って身構えちゃう。応えなきゃ、って義務感がある。」...
誘いをプレッシャーに感じて寝たふり、または義務感で応じる 拒否→罪悪感、応じる→虚しさ、という二重の苦しさ 儀礼的なハグだけ＝親密さが完全に失われている状態
私の実体験はプロフの固定投稿へ。
#子どもあり / 産後 / プチレス予備軍 / 軽度セックスレス #問題"
2026-01-11,08:00,"おはようございます。
性的な関係の遠距離化（プチレス予備軍）メカニズムについて、ふと考えました。
今日も無理せずいきましょう。"
2026-01-11,10:00,"性的な関係の遠距離化（プチレス予備軍）メカニズム、感じたことありますか？






正直に教えてください🙋‍♀️"
2026-01-11,12:00,"誘いをプレッシャーに感じて寝たふり、または義務感で応じる 拒否→罪悪感、応じる→虚しさ、という二重の苦しさ 儀礼的なハグだけ＝親密さが完全に失われている状態






「義務感で応じるスキンシップから、『もう一度したい』を取り戻すまでの道のり」
具体的な方法はNoteで公開中。
#子どもあり / 産後 / プチレス予備軍 / 軽度セックスレス #解決策"
2026-01-11,15:00,"「夫から誘われたらどうしよう、って身構えちゃう。応えなきゃ、って義務感がある。」...
これ、あるあるですよね。
共感したら「いいね」お願いします。"
2026-01-11,17:00,"夕方のこの時間、ふと思います。
誘いをプレッシャーに感じて寝たふり、また...
小さな変化が大事です。"
2026-01-11,20:00,"性的な関係の遠距離化（プチレス予備軍）メカニズム。
その悩みを抱えているあなたへ。






「義務感で応じるスキンシップから、『もう一度したい』を取り戻すまでの道のり」
解決のための「3つのステップ」をNoteにまとめました。
▼記事はプロフのリンクから
#夜専用レス手前の会話レシピ"
2026-01-11,21:00,"夜のリビング。
「夫から誘われたらどうしよう、って身構えちゃう。応えなきゃ、って義務感がある。」...
同じ気持ちの人、いますか？"
2026-01-11,22:00,"今日もお疲れ様でした。
誘いをプレッシャーに感じて寝たふり、また...
おやすみなさい。"
2026-01-11,23:00,"明日は今日より少しだけ、心が軽くなりますように。
プロフの固定投稿もぜひ。
おやすみなさい。"
2026-01-12,07:00,"「『週末の予定』以外で、夫婦の将来について話したのはいつですか？」






「このまま会話がないまま、子どもが巣立ったら、私たちどうなるんだろう」 「週末の...
生活費・育児方針は話すが、夫婦としての未来は語らない 「家族会議のメンバー」という表現に、恋人・パートナーではなく共同運営者になっている現実 将来ビジョンの欠如＝関係性の目的地が見えない不安
私の実体験はプロフの固定投稿へ。
#結婚5年以上 / 子どもあり / 将来不安 #問題"
2026-01-12,08:00,"おはようございます。
将来へのビジョン共有不足メカニズムについて、ふと考えました。
今日も無理せずいきましょう。"
2026-01-12,10:00,"将来へのビジョン共有不足メカニズム、感じたことありますか？






正直に教えてください🙋‍♀️"
2026-01-12,12:00,"生活費・育児方針は話すが、夫婦としての未来は語らない 「家族会議のメンバー」という表現に、恋人・パートナーではなく共同運営者になっている現実 将来ビジョンの欠如＝関係性の目的地が見えない不安






「家族会議のメンバーから、もう一度『夫婦』に戻るための未来の描き方」
具体的な方法はNoteで公開中。
#結婚5年以上 / 子どもあり / 将来不安 #解決策"
2026-01-12,15:00,"「このまま会話がないまま、子どもが巣立ったら、私たちどうなるんだろう」 「週末の...
これ、あるあるですよね。
共感したら「いいね」お願いします。"
2026-01-12,17:00,"夕方のこの時間、ふと思います。
生活費・育児方針は話すが、夫婦としての未...
小さな変化が大事です。"
2026-01-12,20:00,"将来へのビジョン共有不足メカニズム。
その悩みを抱えているあなたへ。






「家族会議のメンバーから、もう一度『夫婦』に戻るための未来の描き方」
解決のための「3つのステップ」をNoteにまとめました。
▼記事はプロフのリンクから
#夜専用レス手前の会話レシピ"
2026-01-12,21:00,"夜のリビング。
「このまま会話がないまま、子どもが巣立ったら、私たちどうなるんだろう」 「週末の...
同じ気持ちの人、いますか？"
2026-01-12,22:00,"今日もお疲れ様でした。
生活費・育児方針は話すが、夫婦としての未...
おやすみなさい。"
2026-01-12,23:00,"明日は今日より少しだけ、心が軽くなりますように。
プロフの固定投稿もぜひ。
おやすみなさい。"
2026-01-13,07:00,"「パートナーが干渉しなくなった。楽だけど、無関心に見えて寂しい——そう感じたことありませんか？」






「夫が私に干渉しなくなった。それは楽だけど、無関心なんだと思うと寂しい」 「ふと...
干渉されない＝楽だが、無関心のサインと受け取ると孤独に変わる 相手の行動に「どうでもいい」という無関心が透けて見える 本当に欲しいのは「干渉」ではなく「関心を持たれている実感」
私の実体験はプロフの固定投稿へ。
#共働き / 結婚5年以上 / 軽度セックスレス #問題"
2026-01-13,08:00,"おはようございます。
無関心による感情の遮断メカニズムについて、ふと考えました。
今日も無理せずいきましょう。"
2026-01-13,10:00,"無関心による感情の遮断メカニズム、感じたことありますか？






正直に教えてください🙋‍♀️"
2026-01-13,12:00,"干渉されない＝楽だが、無関心のサインと受け取ると孤独に変わる 相手の行動に「どうでもいい」という無関心が透けて見える 本当に欲しいのは「干渉」ではなく「関心を持たれている実感」






「干渉と関心の違い。パートナーに『ちゃんと見てる』を伝える小さな習慣」
具体的な方法はNoteで公開中。
#共働き / 結婚5年以上 / 軽度セックスレス #解決策"
2026-01-13,15:00,"「夫が私に干渉しなくなった。それは楽だけど、無関心なんだと思うと寂しい」 「ふと...
これ、あるあるですよね。
共感したら「いいね」お願いします。"
2026-01-13,17:00,"夕方のこの時間、ふと思います。
干渉されない＝楽だが、無関心のサインと受...
小さな変化が大事です。"
2026-01-13,20:00,"無関心による感情の遮断メカニズム。
その悩みを抱えているあなたへ。






「干渉と関心の違い。パートナーに『ちゃんと見てる』を伝える小さな習慣」
解決のための「3つのステップ」をNoteにまとめました。
▼記事はプロフのリンクから
#夜専用レス手前の会話レシピ"
2026-01-13,21:00,"夜のリビング。
「夫が私に干渉しなくなった。それは楽だけど、無関心なんだと思うと寂しい」 「ふと...
同じ気持ちの人、いますか？"
2026-01-13,22:00,"今日もお疲れ様でした。
干渉されない＝楽だが、無関心のサインと受...
おやすみなさい。"
2026-01-13,23:00,"明日は今日より少しだけ、心が軽くなりますように。
プロフの固定投稿もぜひ。
おやすみなさい。"
2026-01-14,07:00,"- フック案: 「休みの日くらいスマホより私を見てほしい、って思ったことありませんか？」






「休みの日くらいゆっくり話したいのに、彼はずっとスマホゲームかSNSを見ていて、...
自分の優先順位が低いと感じている 会話の減少とスキンシップの減少がセットになって不安を増幅 「このまま自然消滅するんじゃ…」という未来への恐怖
私の実体験はプロフの固定投稿へ。
#共働き / プチレス予備軍 #問題"
2026-01-14,08:00,"おはようございます。
休みの日もスマホばかりで話を聞いてくれないについて、ふと考えました。
今日も無理せずいきましょう。"
2026-01-14,10:00,"休みの日もスマホばかりで話を聞いてくれない、感じたことありますか？






正直に教えてください🙋‍♀️"
2026-01-14,12:00,"自分の優先順位が低いと感じている 会話の減少とスキンシップの減少がセットになって不安を増幅 「このまま自然消滅するんじゃ…」という未来への恐怖






- 章立て案: 「会話が減るカップルの共通点」「スマホより大事な時間を取り戻す3つの工夫」
具体的な方法はNoteで公開中。
#共働き / プチレス予備軍 #解決策"
2026-01-14,15:00,"「休みの日くらいゆっくり話したいのに、彼はずっとスマホゲームかSNSを見ていて、...
これ、あるあるですよね。
共感したら「いいね」お願いします。"
2026-01-14,17:00,"夕方のこの時間、ふと思います。
自分の優先順位が低いと感じている 会話の...
小さな変化が大事です。"
2026-01-14,20:00,"休みの日もスマホばかりで話を聞いてくれない。
その悩みを抱えているあなたへ。






- 章立て案: 「会話が減るカップルの共通点」「スマホより大事な時間を取り戻す3つの工夫」
解決のための「3つのステップ」をNoteにまとめました。
▼記事はプロフのリンクから
#夜専用レス手前の会話レシピ"
2026-01-14,21:00,"夜のリビング。
「休みの日くらいゆっくり話したいのに、彼はずっとスマホゲームかSNSを見ていて、...
同じ気持ちの人、いますか？"
2026-01-14,22:00,"今日もお疲れ様でした。
自分の優先順位が低いと感じている 会話の...
おやすみなさい。"
2026-01-14,23:00,"明日は今日より少しだけ、心が軽くなりますように。
プロフの固定投稿もぜひ。
おやすみなさい。"
2026-01-15,07:00,"「夫婦仲は悪くない。でも、どこか距離を感じ始めている30〜40代の皆さんへ。」






「30〜40代、同棲から結婚5年程度で、子どもや仕事に追われて精神的・時間的余裕...
喧嘩しているわけではなく「静かに冷めていく」タイプの危機（サイレント・クライシス） エネルギーが枯れているので、重いカウンセリングや大掛かりな改善策には動けない 「何とかしたい気持ちはあるが、今はそこまでの気力がない」グラデーションの中にいる
私の実体験はプロフの固定投稿へ。
#30〜40代 / 同棲〜結婚5年 / 子どもあり / プチレス予備軍 #信用"
2026-01-15,08:00,"おはようございます。
サイレント・クライシス下のプチレス予備軍について、ふと考えました。
今日も無理せずいきましょう。"
2026-01-15,10:00,"サイレント・クライシス下のプチレス予備軍、感じたことありますか？






正直に教えてください🙋‍♀️"
2026-01-15,12:00,"喧嘩しているわけではなく「静かに冷めていく」タイプの危機（サイレント・クライシス） エネルギーが枯れているので、重いカウンセリングや大掛かりな改善策には動けない 「何とかしたい気持ちはあるが、今はそこまでの気力がない」グラデーションの中にいる






「サイレント・クライシスとは何か？プチレス予備軍の夫婦に起きていること」
具体的な方法はNoteで公開中。
#30〜40代 / 同棲〜結婚5年 / 子どもあり / プチレス予備軍 #解決策"
2026-01-15,15:00,"「30〜40代、同棲から結婚5年程度で、子どもや仕事に追われて精神的・時間的余裕...
これ、あるあるですよね。
共感したら「いいね」お願いします。"
2026-01-15,17:00,"夕方のこの時間、ふと思います。
喧嘩しているわけではなく「静かに冷めてい...
小さな変化が大事です。"
2026-01-15,20:00,"サイレント・クライシス下のプチレス予備軍。
その悩みを抱えているあなたへ。






「サイレント・クライシスとは何か？プチレス予備軍の夫婦に起きていること」
解決のための「3つのステップ」をNoteにまとめました。
▼記事はプロフのリンクから
#夜専用レス手前の会話レシピ"
2026-01-15,21:00,"夜のリビング。
「30〜40代、同棲から結婚5年程度で、子どもや仕事に追われて精神的・時間的余裕...
同じ気持ちの人、いますか？"
2026-01-15,22:00,"今日もお疲れ様でした。
喧嘩しているわけではなく「静かに冷めてい...
おやすみなさい。"
2026-01-15,23:00,"明日は今日より少しだけ、心が軽くなりますように。
プロフの固定投稿もぜひ。
おやすみなさい。"
2026-01-16,07:00,"「このまま会話がないまま、子どもが巣立ったら——って、ふと想像してゾッとしたことありませんか？」






「このまま会話がないまま、子どもが巣立ったら、私たちどうなるんだろう」
「今この瞬間」の不満というより、「このまま続いた先の未来」への恐怖 共通の話題が子ども中心になっているほど、子育て終了後の空白が大きく感じられる 未来を一緒に描けていないことが、不安として積もっている
私の実体験はプロフの固定投稿へ。
#子どもあり / 結婚5年以上 / プチレス予備軍 #問題"
2026-01-16,08:00,"おはようございます。
子どもが巣立った後が怖い静かな不安について、ふと考えました。
今日も無理せずいきましょう。"
2026-01-16,10:00,"子どもが巣立った後が怖い静かな不安、感じたことありますか？






正直に教えてください🙋‍♀️"
2026-01-16,12:00,"「今この瞬間」の不満というより、「このまま続いた先の未来」への恐怖 共通の話題が子ども中心になっているほど、子育て終了後の空白が大きく感じられる 未来を一緒に描けていないことが、不安として積もっている






「子どもが巣立った後に夫婦が無言にならないための3つの準備」
具体的な方法はNoteで公開中。
#子どもあり / 結婚5年以上 / プチレス予備軍 #解決策"
2026-01-16,15:00,"「このまま会話がないまま、子どもが巣立ったら、私たちどうなるんだろう」
これ、あるあるですよね。
共感したら「いいね」お願いします。"
2026-01-16,17:00,"夕方のこの時間、ふと思います。
「今この瞬間」の不満というより、「このま...
小さな変化が大事です。"
2026-01-16,20:00,"子どもが巣立った後が怖い静かな不安。
その悩みを抱えているあなたへ。






「子どもが巣立った後に夫婦が無言にならないための3つの準備」
解決のための「3つのステップ」をNoteにまとめました。
▼記事はプロフのリンクから
#夜専用レス手前の会話レシピ"
2026-01-16,21:00,"夜のリビング。
「このまま会話がないまま、子どもが巣立ったら、私たちどうなるんだろう」
同じ気持ちの人、いますか？"
2026-01-16,22:00,"今日もお疲れ様でした。
「今この瞬間」の不満というより、「このま...
おやすみなさい。"
2026-01-16,23:00,"明日は今日より少しだけ、心が軽くなりますように。
プロフの固定投稿もぜひ。
おやすみなさい。"
2026-01-17,07:00,"「夫婦の会話、気づけば『子どもとゴミ出しの話』で8割埋まっていませんか？」






「会話の8割が子どもの話か、明日のゴミ出しの話。自分のことを話すのを忘れた」
夫婦の会話が「家族運営のための会議」になり、感情の共有がほぼゼロ 自分の好きなこと・悩み・小さな喜びを話す場がなくなり、「自分」だけが置き去り 話さない日々が続くほど、「今さら何から話していいか分からない」状態になる
私の実体験はプロフの固定投稿へ。
#共働き / 子どもあり / 家事育児多忙 #問題"
2026-01-17,08:00,"おはようございます。
会話がタスク報告だけになってしまった妻のモヤモヤについて、ふと考えました。
今日も無理せずいきましょう。"
2026-01-17,10:00,"会話がタスク報告だけになってしまった妻のモヤモヤ、感じたことありますか？






正直に教えてください🙋‍♀️"
2026-01-17,12:00,"夫婦の会話が「家族運営のための会議」になり、感情の共有がほぼゼロ 自分の好きなこと・悩み・小さな喜びを話す場がなくなり、「自分」だけが置き去り 話さない日々が続くほど、「今さら何から話していいか分からない」状態になる






「タスク報告だけの夫婦会話から、『自分の話』を取り戻すための小さな3ステップ」
具体的な方法はNoteで公開中。
#共働き / 子どもあり / 家事育児多忙 #解決策"
2026-01-17,15:00,"「会話の8割が子どもの話か、明日のゴミ出しの話。自分のことを話すのを忘れた」
これ、あるあるですよね。
共感したら「いいね」お願いします。"
2026-01-17,17:00,"夕方のこの時間、ふと思います。
夫婦の会話が「家族運営のための会議」にな...
小さな変化が大事です。"
2026-01-17,20:00,"会話がタスク報告だけになってしまった妻のモヤモヤ。
その悩みを抱えているあなたへ。






「タスク報告だけの夫婦会話から、『自分の話』を取り戻すための小さな3ステップ」
解決のための「3つのステップ」をNoteにまとめました。
▼記事はプロフのリンクから
#夜専用レス手前の会話レシピ"
2026-01-17,21:00,"夜のリビング。
「会話の8割が子どもの話か、明日のゴミ出しの話。自分のことを話すのを忘れた」
同じ気持ちの人、いますか？"
2026-01-17,22:00,"今日もお疲れ様でした。
夫婦の会話が「家族運営のための会議」にな...
おやすみなさい。"
2026-01-17,23:00,"明日は今日より少しだけ、心が軽くなりますように。
プロフの固定投稿もぜひ。
おやすみなさい。"
2026-01-18,07:00,"「同じリビングにいるのに、お互いイヤホン。『これってうちだけ？』と思ったことがある人へ。」






「夫婦でリビングにいるのに、お互いイヤホンをして別の世界にいる。」 「子どもが寝...
物理的には近くにいても、心理的には別々の世界にいる「家庭内別居状態」 直接的な喧嘩や言い争いがない分、「これって問題なのかな？」と自分でも判定しづらい でも心のどこかで「このまま距離が固定されるのは嫌だ」と感じている
私の実体験はプロフの固定投稿へ。
#共働き / 子どもあり / 倦怠期手前 #問題"
2026-01-18,08:00,"おはようございます。
同じ部屋にいても別世界にいるような孤独感について、ふと考えました。
今日も無理せずいきましょう。"
2026-01-18,10:00,"同じ部屋にいても別世界にいるような孤独感、感じたことありますか？






正直に教えてください🙋‍♀️"
2026-01-18,12:00,"物理的には近くにいても、心理的には別々の世界にいる「家庭内別居状態」 直接的な喧嘩や言い争いがない分、「これって問題なのかな？」と自分でも判定しづらい でも心のどこかで「このまま距離が固定されるのは嫌だ」と感じている






「スマホとイヤホンがつくる『見えない壁』を少しだけ薄くする習慣」
具体的な方法はNoteで公開中。
#共働き / 子どもあり / 倦怠期手前 #解決策"
2026-01-18,15:00,"「夫婦でリビングにいるのに、お互いイヤホンをして別の世界にいる。」 「子どもが寝...
これ、あるあるですよね。
共感したら「いいね」お願いします。"
2026-01-18,17:00,"夕方のこの時間、ふと思います。
物理的には近くにいても、心理的には別々の...
小さな変化が大事です。"
2026-01-18,20:00,"同じ部屋にいても別世界にいるような孤独感。
その悩みを抱えているあなたへ。






「スマホとイヤホンがつくる『見えない壁』を少しだけ薄くする習慣」
解決のための「3つのステップ」をNoteにまとめました。
▼記事はプロフのリンクから
#夜専用レス手前の会話レシピ"
2026-01-18,21:00,"夜のリビング。
「夫婦でリビングにいるのに、お互いイヤホンをして別の世界にいる。」 「子どもが寝...
同じ気持ちの人、いますか？"
2026-01-18,22:00,"今日もお疲れ様でした。
物理的には近くにいても、心理的には別々の...
おやすみなさい。"
2026-01-18,23:00,"明日は今日より少しだけ、心が軽くなりますように。
プロフの固定投稿もぜひ。
おやすみなさい。"
2026-01-19,07:00,"「最近、パートナーの『好きなこと』や『仕事の悩み』、ちゃんと知っていますか？」






「最近、夫の好きなことや仕事の悩みを全然知らない。知ろうとも思ってないかも。」
「関心を失っている自分」への罪悪感と、「でも疲れてるから仕方ない」という言い訳の間で揺れている パートナーの変化や成長に気づけなくなっている状態は、関係性の停滞のサイン 「知ろうとも思ってない」という自覚が、危機感として表面化している
私の実体験はプロフの固定投稿へ。
#共働き / 結婚3年以上 / 倦怠期手前 #問題"
2026-01-19,08:00,"おはようございます。
パートナーへの興味関心が薄れていく恐怖について、ふと考えました。
今日も無理せずいきましょう。"
2026-01-19,10:00,"パートナーへの興味関心が薄れていく恐怖、感じたことありますか？






正直に教えてください🙋‍♀️"
2026-01-19,12:00,"「関心を失っている自分」への罪悪感と、「でも疲れてるから仕方ない」という言い訳の間で揺れている パートナーの変化や成長に気づけなくなっている状態は、関係性の停滞のサイン 「知ろうとも思ってない」という自覚が、危機感として表面化している






「パートナーへの興味を取り戻すための、小さな3つの質問」
具体的な方法はNoteで公開中。
#共働き / 結婚3年以上 / 倦怠期手前 #解決策"
2026-01-19,15:00,"「最近、夫の好きなことや仕事の悩みを全然知らない。知ろうとも思ってないかも。」
これ、あるあるですよね。
共感したら「いいね」お願いします。"
2026-01-19,17:00,"夕方のこの時間、ふと思います。
「関心を失っている自分」への罪悪感と、「...
小さな変化が大事です。"
2026-01-19,20:00,"パートナーへの興味関心が薄れていく恐怖。
その悩みを抱えているあなたへ。






「パートナーへの興味を取り戻すための、小さな3つの質問」
解決のための「3つのステップ」をNoteにまとめました。
▼記事はプロフのリンクから
#夜専用レス手前の会話レシピ"
2026-01-19,21:00,"夜のリビング。
「最近、夫の好きなことや仕事の悩みを全然知らない。知ろうとも思ってないかも。」
同じ気持ちの人、いますか？"
2026-01-19,22:00,"今日もお疲れ様でした。
「関心を失っている自分」への罪悪感と、「...
おやすみなさい。"
2026-01-19,23:00,"明日は今日より少しだけ、心が軽くなりますように。
プロフの固定投稿もぜひ。
おやすみなさい。"
2026-01-20,07:00,"「『どうせ話してもわかってもらえない』って、諦めかけていませんか？」






「どうせ話しても伝わらないかも、って思って、大事なことも言わなくなった」
「どうせ」という諦めワードが出る時点で、コミュニケーションの断絶が深刻化している 大事なことを言わなくなる→すれ違いが増える→さらに言えなくなる、という悪循環 でも完全に諦めたわけではなく、「どうにかしたい」気持ちは残っている
私の実体験はプロフの固定投稿へ。
#共働き / 結婚5年以上 / 軽度セックスレス #問題"
2026-01-20,08:00,"おはようございます。
コミュニケーションへの諦めと無力感について、ふと考えました。
今日も無理せずいきましょう。"
2026-01-20,10:00,"コミュニケーションへの諦めと無力感、感じたことありますか？






正直に教えてください🙋‍♀️"
2026-01-20,12:00,"「どうせ」という諦めワードが出る時点で、コミュニケーションの断絶が深刻化している 大事なことを言わなくなる→すれ違いが増える→さらに言えなくなる、という悪循環 でも完全に諦めたわけではなく、「どうにかしたい」気持ちは残っている






「諦めかけた夫婦のコミュニケーションを、もう一度だけ試してみる方法」
具体的な方法はNoteで公開中。
#共働き / 結婚5年以上 / 軽度セックスレス #解決策"
2026-01-20,15:00,"「どうせ話しても伝わらないかも、って思って、大事なことも言わなくなった」
これ、あるあるですよね。
共感したら「いいね」お願いします。"
2026-01-20,17:00,"夕方のこの時間、ふと思います。
「どうせ」という諦めワードが出る時点で、...
小さな変化が大事です。"
2026-01-20,20:00,"コミュニケーションへの諦めと無力感。
その悩みを抱えているあなたへ。






「諦めかけた夫婦のコミュニケーションを、もう一度だけ試してみる方法」
解決のための「3つのステップ」をNoteにまとめました。
▼記事はプロフのリンクから
#夜専用レス手前の会話レシピ"
2026-01-20,21:00,"夜のリビング。
「どうせ話しても伝わらないかも、って思って、大事なことも言わなくなった」
同じ気持ちの人、いますか？"
2026-01-20,22:00,"今日もお疲れ様でした。
「どうせ」という諦めワードが出る時点で、...
おやすみなさい。"
2026-01-20,23:00,"明日は今日より少しだけ、心が軽くなりますように。
プロフの固定投稿もぜひ。
おやすみなさい。"
